model,target,mae,mse,rmse,r2,mape
gcn+lstm,levels,2.3655169010162354,13.455389976501465,3.6681589355562916,0.9967146515846252,102.77692079544067
