model,target,mae,mse,rmse,r2,mape
graphsage+transformer,levels,2.6596052646636963,17.48243522644043,4.181200213627712,0.9957314133644104,102.18502283096313
