model,target,mae,mse,rmse,r2,mape
graphsage+transformer,levels,88.23785400390625,11329.76953125,106.44139012268677,-3028.894775390625,658.0011367797852
