model,target,mae,mse,rmse,r2,mape
gat+lstm,levels,6.001223087310791,95.1356201171875,9.753749028818996,0.9767712950706482,97.80364632606506
