design_name,predicted_final_qor,true_final_qor,mape,true_qor_step_1,pred_qor_step_1,true_qor_step_2,pred_qor_step_2,true_qor_step_3,pred_qor_step_3,true_qor_step_4,pred_qor_step_4,true_qor_step_5,pred_qor_step_5,true_qor_step_6,pred_qor_step_6,true_qor_step_7,pred_qor_step_7,true_qor_step_8,pred_qor_step_8,true_qor_step_9,pred_qor_step_9,true_qor_step_10,pred_qor_step_10,true_qor_step_11,pred_qor_step_11,true_qor_step_12,pred_qor_step_12,true_qor_step_13,pred_qor_step_13,true_qor_step_14,pred_qor_step_14,true_qor_step_15,pred_qor_step_15,true_qor_step_16,pred_qor_step_16,true_qor_step_17,pred_qor_step_17,true_qor_step_18,pred_qor_step_18
aes_secworks_orig.bench,32.379707,33.0,1.879674755036831,38.0,35.959606,36.0,34.95017,36.0,35.243984,36.0,35.376156,36.0,34.817177,36.0,35.18812,36.0,34.582436,36.0,34.514404,36.0,34.395798,34.0,33.445545,34.0,33.967857,34.0,33.88727,34.0,34.03407,34.0,34.22908,38.0,39.47742,38.0,38.73913,45.0,44.06936,33.0,32.379707
aes_secworks_orig.bench,31.559715,34.0,7.177308201789856,38.0,37.159454,35.0,33.732563,35.0,34.4617,35.0,34.0002,35.0,33.211597,35.0,33.959114,35.0,33.372097,35.0,33.226387,35.0,33.51603,35.0,33.504498,35.0,33.123093,35.0,33.02397,35.0,33.113106,35.0,33.708717,35.0,33.924793,35.0,33.296158,43.0,42.517952,34.0,31.559715
tv80_orig.bench,48.158817,51.0,5.570946633815765,53.0,51.09906,53.0,51.34449,53.0,51.29644,53.0,51.367485,53.0,51.060272,53.0,50.97474,53.0,51.192665,53.0,51.147602,53.0,51.129395,53.0,51.062576,53.0,50.377167,53.0,50.553856,53.0,50.75334,53.0,50.55121,53.0,50.008423,53.0,49.485764,53.0,50.166336,51.0,48.158817
max_orig.bench,169.69943,174.0,2.4715906009078026,287.0,291.39456,234.0,229.53314,234.0,228.6775,234.0,228.92332,234.0,228.29272,234.0,228.5748,234.0,226.52011,202.0,197.46445,202.0,197.96883,202.0,196.94565,292.0,295.7767,202.0,197.35468,202.0,196.30663,202.0,195.08713,190.0,189.6698,190.0,188.51196,187.0,185.56818,174.0,169.69943
aes_secworks_orig.bench,30.864647,36.0,14.264869689941406,38.0,36.51134,36.0,35.21934,36.0,35.927414,36.0,34.55233,36.0,32.86138,36.0,32.81086,36.0,33.698807,36.0,32.99473,36.0,33.748,36.0,33.6545,36.0,33.159103,36.0,34.29886,36.0,33.485306,36.0,33.619587,36.0,34.427963,36.0,34.003498,44.0,43.677155,36.0,30.864647
aes_secworks_orig.bench,31.793957,33.0,3.654676675796509,41.0,37.77684,37.0,35.789825,37.0,35.580933,37.0,34.85565,37.0,34.31495,37.0,34.35391,36.0,33.87827,36.0,33.724293,36.0,34.057236,36.0,34.28385,36.0,34.02256,36.0,34.285065,36.0,33.457325,36.0,34.695835,41.0,40.545418,41.0,38.42995,46.0,45.141197,33.0,31.793957
aes_secworks_orig.bench,31.371407,35.0,10.367409884929657,38.0,37.065315,35.0,33.80431,35.0,34.769974,35.0,33.920296,35.0,34.039845,35.0,34.06977,35.0,34.769917,35.0,34.66944,35.0,33.61538,35.0,32.86667,35.0,33.75716,35.0,32.739746,35.0,33.072735,35.0,33.401867,35.0,33.482464,35.0,33.112305,44.0,42.091705,35.0,31.371407
tv80_orig.bench,48.16417,52.0,7.376597821712494,53.0,51.09906,53.0,51.34449,53.0,51.28908,53.0,51.153282,53.0,51.043007,53.0,50.72296,53.0,50.793705,53.0,50.67398,53.0,50.478943,53.0,50.63995,53.0,50.33113,53.0,50.472824,53.0,50.436012,53.0,50.478207,53.0,50.703613,53.0,50.851112,53.0,50.667007,52.0,48.16417
tv80_orig.bench,48.142456,49.0,1.7500896006822586,53.0,51.09906,53.0,51.344486,53.0,51.29644,52.0,51.075287,52.0,50.594513,52.0,50.40953,52.0,50.234566,52.0,50.60478,52.0,50.93156,52.0,50.235313,52.0,50.27337,52.0,50.301987,52.0,50.4891,52.0,50.515217,52.0,50.35074,52.0,50.18931,52.0,50.26113,49.0,48.142456
tv80_orig.bench,48.055416,49.0,1.9277222454547882,53.0,51.09906,53.0,51.34449,53.0,51.28908,52.0,51.121544,52.0,50.822403,52.0,50.622868,52.0,50.433212,52.0,50.73494,52.0,50.475056,52.0,50.615383,52.0,50.329227,52.0,50.49208,52.0,50.375656,52.0,50.431488,52.0,50.736694,52.0,50.71228,52.0,50.39764,49.0,48.055416
max_orig.bench,165.59444,171.0,3.1611479818820953,287.0,291.44705,234.0,231.0415,234.0,229.46509,234.0,229.37819,234.0,228.29227,234.0,230.09894,234.0,227.91367,202.0,197.95953,202.0,197.5487,202.0,196.82518,295.0,295.55435,199.0,195.00589,199.0,195.8186,199.0,194.09497,184.0,185.53775,184.0,185.06145,184.0,185.5097,171.0,165.59444
aes_secworks_orig.bench,31.572712,33.0,4.32511530816555,38.0,37.159454,35.0,33.732563,35.0,34.4617,35.0,34.0002,35.0,33.211597,35.0,33.807167,35.0,33.548077,35.0,33.399384,35.0,33.553154,35.0,33.51652,35.0,33.06626,35.0,32.991608,35.0,33.09178,35.0,33.724945,35.0,33.91313,35.0,33.27369,43.0,42.539726,33.0,31.572712
aes_secworks_orig.bench,35.59363,43.0,17.224112153053284,38.0,37.159454,35.0,33.732563,35.0,34.4617,35.0,33.70247,35.0,32.95218,35.0,33.740707,35.0,33.368904,35.0,33.47582,35.0,33.421963,35.0,33.38144,35.0,33.098904,35.0,33.002457,35.0,33.052452,35.0,33.592064,35.0,33.849197,35.0,33.25078,43.0,42.487045,43.0,35.59363
tv80_orig.bench,50.18379,52.0,3.492714837193489,53.0,51.09906,53.0,51.344486,53.0,51.289085,52.0,51.121544,52.0,50.80799,52.0,50.741913,52.0,50.603798,52.0,50.730976,52.0,50.514366,52.0,50.76246,52.0,50.324074,52.0,50.465866,52.0,50.323776,52.0,50.382195,52.0,50.72529,52.0,50.337917,52.0,50.418633,52.0,50.18379
tv80_orig.bench,48.240532,51.0,5.4107218980789185,53.0,51.09906,53.0,51.344486,53.0,51.28908,52.0,51.121544,52.0,50.639687,52.0,50.664238,52.0,50.427635,52.0,50.49864,52.0,50.533463,52.0,50.63116,52.0,50.302895,52.0,50.42215,52.0,50.372967,52.0,50.46106,52.0,50.69689,52.0,50.32867,52.0,50.36354,51.0,48.240532
tv80_orig.bench,48.267815,49.0,1.4942558482289314,53.0,51.09906,53.0,51.34449,53.0,51.28908,52.0,51.121544,52.0,50.822403,52.0,50.622864,52.0,50.402084,52.0,50.702057,52.0,50.535027,52.0,50.643974,52.0,50.351532,52.0,50.495087,52.0,50.459778,52.0,50.45288,52.0,50.74417,52.0,50.62997,52.0,50.531925,49.0,48.267815
max_orig.bench,164.89313,171.0,3.5712704062461853,287.0,290.487,234.0,229.23572,234.0,228.6105,234.0,228.79933,234.0,227.55858,234.0,229.48717,234.0,227.00407,202.0,197.58234,202.0,197.4824,202.0,196.83124,295.0,296.144,199.0,194.77695,199.0,195.87535,199.0,194.07916,184.0,185.4427,184.0,185.00162,184.0,185.4101,171.0,164.89313
tv80_orig.bench,47.94619,50.0,4.107620194554329,53.0,51.782917,53.0,51.825382,53.0,51.662415,52.0,51.648144,52.0,51.714897,52.0,51.37749,52.0,51.293716,52.0,51.62115,52.0,51.822014,52.0,51.725746,52.0,51.555195,52.0,51.13694,52.0,51.22083,52.0,51.580803,52.0,51.25849,52.0,50.88941,52.0,51.204826,50.0,47.94619
aes_secworks_orig.bench,31.574417,33.0,4.319947957992554,41.0,37.741352,38.0,36.36452,38.0,35.72661,35.0,33.764034,35.0,33.42236,35.0,33.124577,35.0,33.995094,35.0,33.735527,35.0,33.265213,35.0,33.474266,35.0,33.75735,35.0,33.210564,35.0,33.211132,35.0,33.45828,35.0,33.52649,33.0,32.28495,41.0,41.08912,33.0,31.574417
max_orig.bench,168.50032,174.0,3.1607352197170258,287.0,289.22708,234.0,230.05174,234.0,228.43881,234.0,226.7289,234.0,228.43558,234.0,227.99095,234.0,226.15475,202.0,195.86427,202.0,196.20807,202.0,195.30829,292.0,296.03787,202.0,194.57724,202.0,194.44719,202.0,192.9686,190.0,187.93344,190.0,186.9004,187.0,183.57562,174.0,168.50032
tv80_orig.bench,55.11105,53.0,3.9831124246120453,53.0,52.486443,53.0,51.736904,53.0,51.884586,53.0,51.66048,53.0,51.721596,53.0,51.765358,53.0,51.959908,53.0,52.7893,53.0,52.800186,53.0,52.12847,63.0,62.316326,63.0,62.01729,63.0,62.269157,61.0,61.256104,61.0,61.91725,61.0,62.207123,61.0,62.460423,53.0,55.11105
tv80_orig.bench,48.2461,50.0,3.507797420024872,53.0,51.382915,53.0,52.323555,53.0,51.869167,52.0,51.76542,52.0,51.878128,52.0,51.65521,52.0,51.751244,52.0,51.522858,52.0,51.876465,52.0,51.750195,52.0,51.36621,52.0,50.96445,52.0,51.18193,52.0,51.53221,52.0,51.41312,52.0,51.192745,52.0,51.51888,50.0,48.2461
aes_secworks_orig.bench,31.121464,33.0,5.692534148693085,41.0,37.741352,38.0,36.461357,38.0,35.20587,35.0,33.424072,35.0,34.166283,35.0,33.611694,35.0,33.521835,35.0,33.672462,35.0,33.299675,35.0,33.512165,35.0,32.496304,35.0,32.681267,35.0,32.90245,35.0,33.299408,35.0,33.333168,33.0,31.667446,41.0,41.50129,33.0,31.121464
tv80_orig.bench,55.554096,55.0,1.0074476711452007,53.0,52.919945,53.0,52.62816,53.0,52.45847,53.0,52.056072,53.0,52.187374,53.0,51.99394,54.0,52.80638,54.0,53.45024,54.0,53.246857,54.0,52.014267,62.0,62.93203,62.0,62.38815,62.0,62.372017,62.0,61.979115,62.0,63.27554,62.0,61.989616,64.0,65.37039,55.0,55.554096
aes_secworks_orig.bench,31.530338,35.0,9.91331934928894,38.0,36.51134,35.0,33.81618,35.0,34.962505,35.0,33.61449,35.0,33.93914,35.0,33.01493,35.0,33.84685,35.0,33.671326,35.0,34.089703,35.0,33.50884,35.0,33.643684,35.0,33.95076,35.0,33.458168,35.0,33.636757,35.0,33.86278,35.0,33.04548,43.0,42.127968,35.0,31.530338
tv80_orig.bench,50.80278,51.0,0.3867055755108595,53.0,52.486443,53.0,51.7369,53.0,52.185745,53.0,51.752495,53.0,51.912514,53.0,51.528275,53.0,51.7904,53.0,51.539524,53.0,51.87909,53.0,51.741463,53.0,51.428505,53.0,51.478477,53.0,51.290497,53.0,52.14438,55.0,54.726368,55.0,53.62529,55.0,53.483482,51.0,50.80278
max_orig.bench,179.2255,185.0,3.121354430913925,287.0,294.69836,287.0,292.6503,287.0,292.50858,287.0,289.9121,243.0,231.42143,243.0,229.91347,222.0,226.16402,204.0,201.44434,204.0,200.32997,204.0,200.6384,204.0,197.99127,200.0,195.45715,200.0,195.02159,200.0,193.40736,194.0,190.0583,194.0,189.74341,194.0,189.31091,185.0,179.2255
tv80_orig.bench,48.322254,50.0,3.3554915338754654,53.0,51.09906,53.0,51.34449,53.0,51.28908,53.0,51.23037,53.0,51.271492,53.0,51.1916,53.0,50.916092,53.0,50.810493,53.0,50.591618,53.0,51.168373,53.0,50.37095,53.0,50.52799,53.0,50.45671,53.0,50.606987,53.0,50.889748,53.0,50.52781,53.0,50.683502,50.0,48.322254
tv80_orig.bench,47.845085,52.0,7.990220934152603,53.0,51.09906,53.0,51.34449,53.0,51.417023,53.0,51.10478,53.0,50.7649,53.0,50.707806,53.0,50.534447,53.0,50.71331,53.0,50.37332,53.0,50.736774,53.0,50.277115,53.0,50.430748,53.0,50.24605,53.0,50.279274,53.0,50.654892,53.0,50.25519,53.0,50.37716,52.0,47.845085
aes_secworks_orig.bench,31.455696,33.0,4.679708927869797,38.0,37.159454,35.0,33.732563,35.0,33.552055,35.0,33.68119,35.0,33.04143,35.0,33.775352,35.0,33.735123,35.0,33.673393,35.0,33.47102,35.0,33.064037,35.0,33.096283,35.0,33.14806,35.0,33.117584,35.0,33.730534,35.0,34.00693,35.0,33.228783,43.0,42.46814,33.0,31.455696
aes_secworks_orig.bench,31.393375,33.0,4.868559539318085,38.0,36.51134,35.0,33.81618,35.0,34.845966,35.0,33.725105,35.0,33.07439,35.0,33.02849,35.0,33.882484,35.0,33.16701,35.0,33.94924,35.0,33.420967,35.0,33.383217,35.0,33.583035,35.0,33.58776,35.0,33.16079,35.0,33.486137,35.0,33.245617,43.0,42.16884,33.0,31.393375
max_orig.bench,160.82245,161.0,0.11028029257431626,287.0,291.39456,234.0,229.53314,234.0,227.19406,234.0,227.71877,227.0,223.39767,227.0,224.72287,227.0,223.98927,194.0,193.73611,194.0,193.76804,194.0,193.09818,194.0,192.14314,185.0,184.34102,185.0,184.80951,185.0,183.06242,177.0,177.97903,177.0,178.1066,177.0,176.23499,161.0,160.82245
max_orig.bench,160.24268,161.0,0.4703877028077841,287.0,292.1749,234.0,230.02393,234.0,228.92717,234.0,229.3187,227.0,223.70404,227.0,226.21165,227.0,224.06676,194.0,192.35587,194.0,192.97379,194.0,191.66626,194.0,191.65097,185.0,183.08652,185.0,183.35817,185.0,181.51367,177.0,177.01169,177.0,177.08737,177.0,174.66837,161.0,160.24268
aes_secworks_orig.bench,31.523937,33.0,4.472917318344116,38.0,37.159454,35.0,33.732563,35.0,34.4617,35.0,33.70247,35.0,32.95218,35.0,33.740707,35.0,33.368904,35.0,33.584484,35.0,33.484257,35.0,33.218002,35.0,33.164818,35.0,33.03978,35.0,33.08813,35.0,33.548985,35.0,33.85311,35.0,33.314564,43.0,42.537773,33.0,31.523937
tv80_orig.bench,49.355186,50.0,1.2896270491182804,53.0,52.486443,53.0,51.61046,53.0,51.700417,53.0,51.317722,53.0,51.51965,53.0,51.225616,53.0,51.56492,53.0,51.041283,53.0,51.450703,53.0,51.499763,53.0,50.936745,53.0,50.917328,53.0,50.9101,53.0,51.403877,53.0,51.39982,53.0,50.630028,53.0,51.041195,50.0,49.355186
aes_secworks_orig.bench,31.465496,35.0,10.09858250617981,41.0,37.741352,38.0,37.48193,35.0,33.768578,35.0,33.915333,35.0,34.138634,35.0,33.500008,35.0,33.68138,35.0,33.90747,35.0,34.32122,35.0,33.95748,35.0,34.035732,35.0,33.875458,35.0,33.521767,35.0,33.209614,35.0,33.308456,35.0,32.88698,45.0,41.837524,35.0,31.465496
max_orig.bench,190.21942,196.0,2.949274890124798,287.0,293.81958,287.0,293.03537,287.0,292.75217,287.0,293.7197,287.0,292.4927,287.0,291.00256,287.0,292.82513,287.0,291.18124,287.0,290.61057,287.0,292.34482,306.0,309.3392,208.0,206.38272,208.0,206.8104,208.0,204.80344,202.0,200.45963,202.0,201.0781,202.0,199.38824,196.0,190.21942
tv80_orig.bench,48.17583,50.0,3.6483384668827057,53.0,51.09906,53.0,51.34449,53.0,51.28908,52.0,51.121544,52.0,50.822403,52.0,50.622868,52.0,50.433212,52.0,50.73494,52.0,50.47505,52.0,50.615387,52.0,50.329227,52.0,50.431717,52.0,50.467735,52.0,50.49881,52.0,50.691406,52.0,50.410408,52.0,50.328766,50.0,48.17583
max_orig.bench,187.3629,186.0,0.7327418308705091,287.0,294.6984,287.0,293.40973,287.0,294.19724,287.0,292.225,287.0,293.91815,287.0,293.10086,287.0,292.65964,287.0,292.43628,287.0,292.80563,287.0,293.43356,306.0,308.86142,208.0,206.7413,208.0,206.35768,208.0,203.96396,201.0,200.27754,201.0,199.60068,201.0,200.38986,186.0,187.3629
aes_secworks_orig.bench,31.311127,33.0,5.1177978515625,38.0,37.159454,35.0,33.732563,35.0,33.552055,35.0,34.329414,35.0,33.0708,35.0,33.911243,35.0,33.67599,35.0,33.852627,35.0,33.34519,35.0,33.40004,35.0,32.96103,35.0,33.273117,35.0,33.4423,35.0,33.247772,35.0,33.467606,35.0,32.871506,43.0,42.401604,33.0,31.311127
aes_secworks_orig.bench,31.696304,35.0,9.439130872488022,38.0,37.265015,37.0,35.942154,35.0,33.810604,35.0,33.91307,35.0,34.25711,35.0,33.77034,35.0,34.154922,35.0,34.141453,35.0,33.998703,35.0,33.91529,35.0,33.618767,35.0,34.170937,35.0,33.97015,35.0,33.73849,35.0,33.911552,35.0,33.78497,45.0,42.556046,35.0,31.696304
tv80_orig.bench,53.161514,57.0,6.734185665845871,53.0,52.919945,53.0,52.62816,53.0,52.45847,53.0,52.056076,53.0,52.187374,53.0,51.993942,53.0,51.78237,53.0,51.91253,53.0,51.888874,53.0,51.195873,66.0,61.96545,66.0,60.954254,66.0,60.06524,66.0,59.1856,64.0,60.81688,64.0,59.178635,66.0,64.2439,57.0,53.161514
tv80_orig.bench,47.992607,50.0,4.014785587787628,53.0,51.09906,53.0,51.34449,53.0,51.28908,52.0,51.121544,52.0,50.822403,52.0,50.622864,52.0,50.31832,52.0,50.604454,52.0,50.369835,52.0,50.439713,52.0,50.263588,52.0,50.226658,52.0,50.230896,52.0,50.382645,52.0,50.52382,52.0,50.551903,52.0,50.464584,50.0,47.992607
aes_secworks_orig.bench,31.387487,33.0,4.886401817202568,41.0,37.77684,39.0,36.235752,39.0,36.754456,37.0,36.039482,37.0,35.023052,37.0,34.69863,37.0,34.48846,37.0,34.83069,37.0,34.63843,37.0,34.419395,37.0,34.55773,36.0,33.23873,36.0,34.753628,36.0,34.702824,40.0,39.086674,40.0,38.647213,46.0,44.20079,33.0,31.387487
max_orig.bench,188.3529,186.0,1.2650028802454472,287.0,293.81958,287.0,293.03537,287.0,293.75974,287.0,295.3383,287.0,293.91763,287.0,292.9651,287.0,293.2388,287.0,293.28397,287.0,293.51273,287.0,293.6695,306.0,309.3859,208.0,206.77107,208.0,206.41751,208.0,205.43645,201.0,200.03604,201.0,199.47168,201.0,197.96115,186.0,188.3529
tv80_orig.bench,48.352333,50.0,3.295333683490753,53.0,51.09906,53.0,51.34449,53.0,51.28908,52.0,51.121544,52.0,50.639687,52.0,50.919014,52.0,50.558064,52.0,50.699776,52.0,50.631866,52.0,50.781124,52.0,50.274864,52.0,50.452152,52.0,50.317093,52.0,50.428925,52.0,50.659874,52.0,50.347927,52.0,50.404716,50.0,48.352333
tv80_orig.bench,48.023697,50.0,3.9526060223579407,53.0,51.09906,53.0,51.344486,53.0,51.29644,52.0,51.075287,52.0,51.28232,52.0,50.614006,52.0,50.211525,52.0,50.62336,52.0,50.639854,52.0,50.328285,52.0,50.20054,52.0,50.156815,52.0,50.238953,52.0,50.37845,52.0,50.29863,52.0,50.017563,52.0,50.193924,50.0,48.023697
aes_secworks_orig.bench,31.275978,33.0,5.224308744072914,38.0,37.065315,37.0,36.232098,35.0,33.3845,35.0,33.61988,35.0,34.025284,35.0,33.910805,35.0,33.258972,35.0,34.262337,35.0,33.286095,35.0,32.865883,35.0,33.376408,35.0,32.275696,35.0,33.110275,35.0,33.46659,35.0,33.692406,35.0,33.437973,43.0,42.30532,33.0,31.275978
max_orig.bench,158.40019,165.0,3.999883309006691,234.0,227.53616,234.0,225.4514,234.0,226.19577,234.0,226.64392,227.0,221.61397,227.0,223.21144,221.0,219.00745,192.0,187.79172,192.0,188.43918,192.0,187.5578,192.0,187.4682,182.0,177.53772,182.0,178.39467,182.0,176.75684,173.0,172.10559,173.0,173.00836,173.0,171.78574,165.0,158.40019
aes_secworks_orig.bench,31.611446,35.0,9.68158170580864,38.0,37.159454,35.0,33.732563,35.0,34.4617,35.0,34.0002,35.0,33.211597,35.0,33.807167,35.0,34.491753,35.0,34.259354,35.0,34.760715,35.0,34.546158,35.0,33.062683,35.0,32.935043,35.0,33.54522,35.0,33.71677,35.0,33.882423,35.0,33.27003,44.0,42.14298,35.0,31.611446
max_orig.bench,161.55801,161.0,0.34659248776733875,287.0,291.39456,234.0,229.53314,234.0,227.19406,234.0,227.71878,227.0,223.3977,227.0,224.72285,227.0,223.13936,194.0,193.71729,194.0,193.6564,194.0,193.12256,194.0,192.04758,185.0,184.91138,185.0,185.18604,185.0,183.43378,177.0,177.919,177.0,178.331,177.0,175.56839,161.0,161.55801
max_orig.bench,162.44217,166.0,2.143271639943123,287.0,289.536,234.0,230.507,234.0,229.79121,234.0,230.02917,234.0,226.49675,234.0,228.51523,234.0,226.75763,201.0,192.71112,201.0,193.6659,201.0,192.81845,293.0,294.94632,187.0,186.47438,187.0,186.59982,187.0,185.41585,179.0,179.33353,179.0,180.11058,179.0,180.0851,166.0,162.44217
tv80_orig.bench,47.853683,49.0,2.339421398937702,53.0,51.09906,53.0,51.344486,53.0,51.29644,52.0,51.075287,52.0,50.71173,52.0,50.37101,52.0,50.54345,52.0,50.45539,52.0,50.70945,52.0,50.67079,52.0,50.19036,52.0,50.16534,52.0,50.30898,52.0,50.278152,52.0,50.205704,52.0,49.942863,52.0,49.89537,49.0,47.853683
max_orig.bench,165.12247,170.0,2.86913700401783,287.0,288.88754,234.0,229.27017,234.0,227.70822,234.0,227.34576,227.0,222.6238,227.0,221.57803,227.0,222.78157,227.0,222.6727,227.0,221.9402,227.0,216.93889,227.0,221.65143,192.0,189.4306,192.0,191.46127,192.0,189.53394,185.0,183.46478,185.0,184.13235,185.0,181.96745,170.0,165.12247
tv80_orig.bench,47.931408,49.0,2.180800214409828,53.0,51.09906,53.0,51.34449,53.0,51.29644,52.0,51.075294,52.0,50.549988,52.0,50.353783,52.0,50.17675,52.0,50.42694,52.0,50.431877,52.0,50.32895,52.0,50.15631,52.0,50.156715,52.0,50.257286,52.0,50.411285,52.0,50.501163,52.0,49.884888,52.0,50.34818,49.0,47.931408
aes_secworks_orig.bench,31.73245,33.0,3.8410592824220657,38.0,37.265015,37.0,36.81411,37.0,35.55517,35.0,33.653564,35.0,33.327045,35.0,33.940002,35.0,33.704964,35.0,32.89768,35.0,33.33718,35.0,33.755302,35.0,33.241543,35.0,33.2189,35.0,33.172543,35.0,33.680824,40.0,38.001053,39.0,37.189346,45.0,44.452007,33.0,31.73245
max_orig.bench,176.5254,185.0,4.5808617025613785,287.0,289.22708,287.0,289.26346,287.0,292.17,287.0,291.2687,243.0,231.19232,243.0,231.13742,222.0,225.32027,204.0,201.37576,204.0,200.48918,204.0,200.05806,204.0,198.04758,200.0,195.22324,200.0,195.4874,200.0,193.26245,194.0,188.74368,194.0,188.53438,194.0,187.24786,185.0,176.5254
max_orig.bench,158.70923,171.0,7.187585532665253,234.0,227.53616,234.0,228.53207,234.0,227.37672,234.0,229.67697,227.0,222.69905,227.0,225.64201,221.0,219.65686,192.0,189.0986,192.0,189.81879,192.0,188.94485,192.0,188.95834,182.0,179.0001,182.0,179.52287,182.0,174.40164,178.0,173.0806,178.0,174.67366,178.0,171.99307,171.0,158.70923
max_orig.bench,158.24149,171.0,7.461119443178177,234.0,227.53616,234.0,226.50107,234.0,228.26167,234.0,229.81691,227.0,223.95512,227.0,224.8168,221.0,221.06169,192.0,188.31044,192.0,189.53232,192.0,187.62184,192.0,188.31546,182.0,179.1965,182.0,177.14767,182.0,177.53912,178.0,172.56386,178.0,174.20201,178.0,171.69333,171.0,158.24149
max_orig.bench,194.0874,196.0,0.9758151136338711,287.0,287.52612,287.0,290.3559,287.0,290.56772,287.0,290.08597,287.0,291.1088,287.0,284.8196,217.0,223.24777,217.0,220.10547,217.0,220.88683,217.0,218.70096,292.0,301.96115,208.0,205.24402,208.0,205.25143,208.0,203.27097,202.0,199.33661,202.0,197.95145,202.0,198.19925,196.0,194.0874
max_orig.bench,166.7158,180.0,7.380108535289764,287.0,291.39456,234.0,229.53314,234.0,228.6775,234.0,226.30869,234.0,227.91542,234.0,228.48782,234.0,225.75157,202.0,197.04175,202.0,197.49742,202.0,196.17062,292.0,295.50848,202.0,196.8594,202.0,195.86902,202.0,195.04262,202.0,193.53119,202.0,187.39273,188.0,183.20059,180.0,166.7158
tv80_orig.bench,48.304672,50.0,3.390655666589737,53.0,51.09906,53.0,51.34449,53.0,51.28908,52.0,51.121544,52.0,50.639687,52.0,50.919014,52.0,50.55806,52.0,50.699776,52.0,50.41809,52.0,50.758705,52.0,50.270164,52.0,50.41799,52.0,50.303986,52.0,50.425953,52.0,50.62075,52.0,50.310005,52.0,50.378586,50.0,48.304672
tv80_orig.bench,47.865265,50.0,4.269470274448395,53.0,51.782917,53.0,51.341537,53.0,51.610863,52.0,51.605587,52.0,51.565876,52.0,51.438904,52.0,51.382774,52.0,51.407345,52.0,51.318436,52.0,51.305626,52.0,50.902042,52.0,50.933388,52.0,50.95001,52.0,51.41278,52.0,51.24787,52.0,50.515217,52.0,50.257797,50.0,47.865265
aes_secworks_orig.bench,31.916107,33.0,3.2845236361026764,41.0,37.741352,38.0,36.36452,37.0,35.695145,35.0,33.658493,35.0,33.898224,35.0,34.03763,35.0,34.062668,35.0,33.61511,35.0,33.51852,35.0,33.650604,35.0,33.653603,35.0,34.225143,35.0,33.323025,35.0,33.919247,40.0,38.49176,40.0,37.791206,46.0,44.55433,33.0,31.916107
tv80_orig.bench,47.7231,50.0,4.553802311420441,53.0,51.782917,53.0,51.825382,53.0,51.66242,52.0,51.648148,52.0,51.734486,52.0,51.49751,52.0,51.45469,52.0,51.47928,52.0,51.600082,52.0,51.606018,52.0,51.413143,52.0,51.147446,52.0,51.061356,52.0,51.223595,52.0,51.07955,52.0,50.670227,52.0,50.867294,50.0,47.7231
tv80_orig.bench,48.018112,50.0,3.963775560259819,53.0,51.09906,53.0,51.344486,53.0,51.28908,52.0,51.121544,52.0,50.639687,52.0,50.664238,52.0,50.427635,52.0,50.744835,52.0,50.55796,52.0,50.632576,52.0,50.342705,52.0,50.51416,52.0,50.438194,52.0,50.497208,52.0,50.707268,52.0,50.371635,52.0,50.409325,50.0,48.018112
max_orig.bench,160.33273,171.0,6.238167732954025,287.0,291.44705,234.0,231.0415,234.0,229.74542,234.0,229.51346,227.0,223.6954,227.0,223.19383,227.0,223.67857,194.0,192.1776,194.0,192.44504,194.0,191.56665,194.0,191.18622,194.0,184.47488,194.0,184.25688,194.0,182.51048,184.0,176.84125,184.0,177.29095,184.0,175.27567,171.0,160.33273
max_orig.bench,175.17348,177.0,1.031933818012476,287.0,294.6984,234.0,231.63716,234.0,228.49539,234.0,229.46396,227.0,224.61797,227.0,224.74162,227.0,223.50981,194.0,192.7807,194.0,193.64853,194.0,191.91931,194.0,191.74365,185.0,183.93117,185.0,183.91599,185.0,182.22534,177.0,177.65875,177.0,177.80527,177.0,177.12717,177.0,175.17348
aes_secworks_orig.bench,31.471397,33.0,4.632129147648811,41.0,37.741352,38.0,36.461357,35.0,33.976562,35.0,33.31201,35.0,33.990585,35.0,33.112885,35.0,33.686935,35.0,33.399982,35.0,33.410995,35.0,33.448112,35.0,32.99491,35.0,32.998684,35.0,32.995773,35.0,33.328873,35.0,33.36845,35.0,33.29279,43.0,41.961647,33.0,31.471397
max_orig.bench,189.20743,193.0,1.965063251554966,287.0,291.65994,287.0,293.29587,287.0,293.52585,287.0,291.2855,287.0,292.527,287.0,290.89218,287.0,291.936,287.0,291.1201,287.0,288.96494,287.0,290.83902,306.0,308.76797,208.0,206.5325,208.0,206.02174,208.0,204.75381,201.0,199.67297,201.0,199.28275,201.0,199.4125,193.0,189.20743
aes_secworks_orig.bench,31.725304,33.0,3.862716257572174,41.0,37.77684,37.0,36.709,37.0,35.349777,35.0,33.700172,35.0,34.21411,35.0,34.00997,35.0,33.679256,35.0,33.29453,35.0,33.658035,35.0,33.69329,35.0,33.62638,35.0,33.875374,35.0,33.745346,35.0,34.062134,40.0,39.595963,40.0,38.2722,45.0,44.124245,33.0,31.725304
aes_secworks_orig.bench,32.661106,33.0,1.0269511491060257,38.0,35.959606,37.0,36.01183,37.0,35.904644,37.0,35.23568,37.0,35.198387,37.0,35.089592,37.0,34.51765,37.0,34.356663,37.0,34.6373,35.0,33.30719,35.0,33.841484,35.0,33.697926,35.0,33.528397,35.0,34.185856,40.0,39.166134,40.0,38.806046,45.0,44.003754,33.0,32.661106
max_orig.bench,160.05823,167.0,4.156750068068504,287.0,291.44705,234.0,231.0415,234.0,229.74542,234.0,229.51346,227.0,223.6954,199.0,193.32285,198.0,192.27138,198.0,188.89584,198.0,190.38287,198.0,188.36499,198.0,189.46999,191.0,181.79065,191.0,182.87198,191.0,181.35712,181.0,176.42517,181.0,176.49176,181.0,174.93286,167.0,160.05823
tv80_orig.bench,47.874847,50.0,4.250305145978928,53.0,51.09906,53.0,51.34449,53.0,51.289078,52.0,51.121544,52.0,50.822403,52.0,50.472275,52.0,50.439854,52.0,50.785145,52.0,50.506844,52.0,50.614822,52.0,50.337532,52.0,50.49867,52.0,50.433792,52.0,50.345207,52.0,50.66272,52.0,50.447517,52.0,50.28627,50.0,47.874847
tv80_orig.bench,48.235935,50.0,3.528129681944847,53.0,52.919945,53.0,53.265587,53.0,52.8166,53.0,52.013912,53.0,51.772415,53.0,51.77225,53.0,51.656487,53.0,51.625763,53.0,51.64955,53.0,51.664513,53.0,51.45132,53.0,51.188366,53.0,51.38787,53.0,51.617836,53.0,51.615204,53.0,51.7377,53.0,51.496414,50.0,48.235935
aes_secworks_orig.bench,32.766617,33.0,0.7072217762470245,38.0,35.959606,37.0,36.01183,37.0,35.904644,37.0,35.23568,37.0,35.198387,37.0,35.089592,37.0,34.51765,37.0,34.356663,37.0,34.28046,35.0,33.44783,35.0,33.816116,35.0,33.77115,35.0,33.573864,35.0,34.229343,40.0,39.229553,40.0,38.845634,45.0,44.035744,33.0,32.766617
max_orig.bench,167.26154,189.0,11.5018330514431,287.0,291.39456,234.0,229.53314,234.0,228.6775,234.0,228.92332,234.0,228.40327,234.0,229.00441,234.0,226.8995,234.0,227.1416,234.0,226.55136,234.0,224.85817,234.0,224.5972,202.0,196.61676,202.0,196.65898,202.0,194.33157,200.0,189.62671,200.0,187.95958,195.0,182.81708,189.0,167.26154
tv80_orig.bench,54.65769,53.0,3.1277135014533997,53.0,52.486443,53.0,51.736904,53.0,52.047577,53.0,51.876774,53.0,51.970818,53.0,51.832035,53.0,52.045406,53.0,52.97229,53.0,51.973785,53.0,52.21222,61.0,62.564186,61.0,62.747124,61.0,61.76364,61.0,61.71263,61.0,61.096996,61.0,62.492096,63.0,64.65208,53.0,54.65769
tv80_orig.bench,47.76614,51.0,6.3409022986888885,53.0,51.09906,53.0,51.34449,53.0,51.29644,52.0,51.07529,52.0,50.74539,52.0,50.42782,52.0,50.476734,52.0,50.254417,52.0,50.31083,52.0,50.811714,52.0,50.64376,52.0,50.374657,52.0,49.970154,52.0,50.20307,52.0,49.909386,52.0,49.675335,52.0,49.986267,51.0,47.76614
max_orig.bench,161.82458,169.0,4.2458076030015945,287.0,293.81958,234.0,229.94626,234.0,229.15639,234.0,228.92245,227.0,224.17558,227.0,225.5467,227.0,224.50227,194.0,192.59189,194.0,193.69017,194.0,192.42535,194.0,191.85538,179.0,179.89471,179.0,182.20638,179.0,181.22932,176.0,177.25554,176.0,176.22449,176.0,176.14215,169.0,161.82458
aes_secworks_orig.bench,31.521458,33.0,4.480431228876114,41.0,37.77684,37.0,35.789825,37.0,36.1532,37.0,35.001526,36.0,34.224453,36.0,34.16769,36.0,33.950485,36.0,34.12658,36.0,34.17938,36.0,34.057716,36.0,33.793106,36.0,34.110336,36.0,33.958115,36.0,34.22864,41.0,39.594418,41.0,38.348343,46.0,44.45272,33.0,31.521458
aes_secworks_orig.bench,31.501081,37.0,14.86194133758545,41.0,37.77684,37.0,35.789825,37.0,35.580933,37.0,34.85565,37.0,34.25943,37.0,34.317947,36.0,33.965004,36.0,33.753654,36.0,33.20085,36.0,33.616535,36.0,33.59738,36.0,34.208405,36.0,33.422043,36.0,34.596546,39.0,40.20111,39.0,37.84698,46.0,44.845543,37.0,31.501081
max_orig.bench,164.26332,170.0,3.3745169639587402,287.0,292.1749,234.0,230.02393,234.0,228.92717,234.0,229.31868,227.0,223.70404,227.0,226.21165,227.0,224.06676,227.0,224.43675,227.0,223.19547,227.0,220.05496,227.0,223.02817,192.0,188.97438,192.0,191.49992,192.0,188.95966,185.0,182.09656,185.0,182.85132,185.0,179.14944,170.0,164.26332
tv80_orig.bench,48.061043,50.0,3.877914324402809,53.0,52.486443,53.0,52.35363,53.0,51.98337,52.0,51.338943,52.0,51.483253,52.0,51.437916,52.0,51.663635,52.0,51.747658,52.0,51.63582,52.0,51.76432,52.0,51.570107,52.0,51.175224,52.0,51.15682,52.0,51.83744,52.0,51.4903,52.0,51.094326,52.0,51.141003,50.0,48.061043
aes_secworks_orig.bench,31.495527,34.0,7.36609622836113,38.0,37.159454,35.0,33.732563,35.0,34.4617,35.0,33.70247,35.0,32.95218,35.0,33.740707,35.0,33.368904,35.0,33.47582,35.0,33.421963,35.0,33.38144,35.0,33.098904,35.0,33.002457,35.0,33.052452,35.0,33.592064,35.0,33.849197,35.0,33.41634,43.0,42.903328,34.0,31.495527
aes_secworks_orig.bench,32.25952,33.0,2.2438742220401764,38.0,37.159454,35.0,33.732563,35.0,34.4617,35.0,34.0002,35.0,33.211597,35.0,33.807167,35.0,33.548077,35.0,33.399384,35.0,33.553154,35.0,33.51652,35.0,33.06626,35.0,33.0147,35.0,33.16353,35.0,33.673798,35.0,33.84126,35.0,33.36502,35.0,33.617584,33.0,32.25952
aes_secworks_orig.bench,31.532192,35.0,9.908021986484528,38.0,37.265015,37.0,35.942154,35.0,33.810604,35.0,34.56878,35.0,34.364174,35.0,34.41385,35.0,33.955154,35.0,33.89255,35.0,33.75649,35.0,33.625153,35.0,33.478546,35.0,34.02215,35.0,34.103836,35.0,33.5894,35.0,33.579,35.0,34.043594,43.0,42.562904,35.0,31.532192
aes_secworks_orig.bench,31.750057,34.0,6.617479026317596,36.0,35.449955,36.0,35.61875,36.0,35.669384,34.0,33.723686,34.0,33.35141,34.0,34.07026,34.0,33.94667,34.0,32.94449,34.0,33.153046,34.0,33.73448,34.0,33.561234,34.0,33.670773,34.0,33.171165,34.0,33.664047,39.0,39.45652,38.0,38.20315,46.0,44.229424,34.0,31.750057
max_orig.bench,164.40005,175.0,6.057111546397209,287.0,291.65994,234.0,230.48419,234.0,229.98164,234.0,229.27057,234.0,228.63722,234.0,228.65182,234.0,227.34445,202.0,195.19383,202.0,195.28,202.0,194.91953,295.0,292.78055,199.0,191.7742,199.0,192.7504,199.0,191.65366,188.0,182.47954,188.0,183.51784,188.0,183.7149,175.0,164.40005
tv80_orig.bench,47.959377,50.0,4.081245511770248,53.0,51.09906,53.0,51.34449,53.0,51.29644,52.0,51.075287,52.0,50.594513,52.0,50.393547,52.0,50.281086,52.0,50.414577,52.0,50.355927,52.0,50.433647,52.0,50.19307,52.0,50.266068,52.0,50.202667,52.0,50.44851,52.0,50.220295,52.0,49.97661,52.0,50.154755,50.0,47.959377
aes_secworks_orig.bench,31.354946,34.0,7.779569923877716,37.0,36.88099,35.0,34.126095,35.0,34.84962,35.0,33.838226,35.0,34.31887,35.0,34.281,35.0,33.938717,35.0,34.491066,35.0,33.95668,35.0,33.250313,35.0,33.427326,35.0,32.1673,35.0,33.33925,35.0,33.37732,35.0,33.482773,35.0,33.069862,43.0,42.474556,34.0,31.354946
aes_secworks_orig.bench,31.282717,33.0,5.203888565301895,41.0,37.77684,37.0,35.789825,37.0,35.580933,37.0,35.689342,37.0,34.31962,37.0,34.34252,37.0,34.126057,37.0,34.217865,37.0,34.125984,37.0,34.5227,35.0,33.094032,35.0,35.011528,35.0,34.40294,35.0,33.99101,40.0,39.530666,40.0,38.96477,45.0,43.776352,33.0,31.282717
aes_secworks_orig.bench,33.28518,43.0,22.592607140541077,38.0,37.065315,35.0,33.80431,35.0,33.51151,35.0,33.62831,35.0,33.84388,35.0,34.062786,35.0,33.456326,35.0,33.75753,35.0,33.273422,35.0,33.387917,35.0,33.338974,35.0,33.058784,35.0,33.048836,35.0,33.46335,35.0,33.6447,35.0,33.457275,43.0,42.229446,43.0,33.28518
tv80_orig.bench,47.827255,50.0,4.345489665865898,53.0,51.09906,53.0,51.344486,53.0,51.289085,52.0,51.121544,52.0,50.822403,52.0,50.622864,52.0,50.433212,52.0,50.73494,52.0,50.475056,52.0,50.615383,52.0,50.492252,52.0,50.585625,52.0,50.47075,52.0,50.464966,52.0,50.72666,52.0,50.551582,52.0,50.443573,50.0,47.827255
tv80_orig.bench,47.923885,52.0,7.83868208527565,53.0,51.901844,53.0,52.057346,53.0,51.57032,53.0,51.80456,53.0,51.75568,53.0,51.522762,53.0,51.6966,53.0,51.687862,53.0,51.983467,53.0,51.92942,53.0,51.259434,53.0,51.268475,53.0,51.093277,53.0,52.17623,53.0,52.27417,53.0,51.53314,53.0,51.360092,52.0,47.923885
max_orig.bench,188.30855,185.0,1.7884043976664543,287.0,291.65994,234.0,230.48419,234.0,229.98164,234.0,228.93808,234.0,227.97693,234.0,227.8992,234.0,226.40167,201.0,193.17781,201.0,193.69662,201.0,192.79599,293.0,292.03668,293.0,289.5104,293.0,289.55508,292.0,281.23886,234.0,246.27313,234.0,221.84451,234.0,235.24747,185.0,188.30855
max_orig.bench,163.31204,166.0,1.6192516312003136,287.0,291.65994,234.0,230.48419,234.0,229.98166,234.0,228.93808,234.0,227.97693,234.0,227.89922,234.0,226.40167,201.0,193.17783,201.0,193.69662,201.0,192.79599,293.0,292.03668,187.0,187.56514,187.0,187.79265,187.0,186.47054,179.0,179.62155,179.0,180.6695,179.0,180.73453,166.0,163.31204
aes_secworks_orig.bench,33.953827,43.0,21.0376113653183,38.0,35.663834,38.0,36.386795,35.0,33.915367,35.0,33.59092,35.0,34.48733,35.0,34.081066,35.0,33.74226,35.0,33.700943,35.0,33.170273,35.0,33.388287,35.0,33.30916,35.0,33.506577,35.0,33.29408,35.0,33.588017,35.0,33.756634,35.0,34.14595,43.0,43.024055,43.0,33.953827
aes_secworks_orig.bench,31.664745,35.0,9.529299288988113,38.0,35.959606,37.0,35.821808,37.0,35.907406,37.0,35.557648,37.0,34.90798,37.0,35.183697,36.0,34.28821,36.0,34.543213,36.0,34.74965,36.0,34.16619,36.0,34.575096,36.0,35.19791,36.0,34.196983,36.0,34.751526,36.0,34.877758,36.0,35.30414,43.0,41.862812,35.0,31.664745
max_orig.bench,159.14912,166.0,4.1270337998867035,287.0,287.58063,234.0,230.88608,234.0,230.00443,234.0,229.30951,234.0,227.35759,234.0,228.63461,234.0,226.23364,201.0,192.5962,201.0,193.5438,201.0,191.17676,201.0,190.77417,187.0,182.3548,187.0,183.8005,187.0,181.84598,179.0,175.14285,179.0,176.66144,179.0,173.22064,166.0,159.14912
tv80_orig.bench,49.71814,50.0,0.5637207068502903,53.0,52.486443,53.0,51.736904,53.0,52.185745,53.0,51.752495,53.0,51.912514,53.0,51.528275,53.0,51.7904,53.0,51.53952,53.0,51.879093,53.0,51.741455,53.0,51.428505,53.0,51.24346,53.0,51.25898,53.0,51.959557,53.0,51.8208,53.0,51.434105,53.0,51.567,50.0,49.71814
aes_secworks_orig.bench,31.57967,33.0,4.304030537605286,38.0,37.159454,35.0,33.732563,35.0,34.454475,35.0,34.23143,35.0,33.060123,35.0,33.907738,35.0,33.663628,35.0,33.669907,35.0,33.325607,35.0,33.344048,35.0,33.108624,35.0,33.015907,35.0,33.366924,35.0,33.80902,35.0,34.116043,35.0,33.328583,43.0,42.363667,33.0,31.57967
max_orig.bench,191.2763,196.0,2.410047873854637,287.0,293.81958,287.0,292.43674,287.0,293.5585,287.0,295.21774,287.0,293.88046,287.0,292.80515,287.0,293.8659,287.0,293.0016,287.0,292.4386,287.0,293.75134,306.0,309.29776,208.0,206.72226,208.0,206.61453,208.0,205.09085,202.0,200.78764,202.0,201.28006,202.0,199.6416,196.0,191.2763
max_orig.bench,157.7472,164.0,3.81268747150898,234.0,227.53616,234.0,228.83339,234.0,229.31546,234.0,229.45425,234.0,228.01485,234.0,228.94945,216.0,221.90161,188.0,188.56467,188.0,190.02298,188.0,188.21988,188.0,187.74844,179.0,177.21094,179.0,178.55836,179.0,177.13191,174.0,171.74762,174.0,173.80557,174.0,170.00656,164.0,157.7472
tv80_orig.bench,58.94085,60.0,1.7652511596679688,53.0,52.45282,55.0,53.22995,55.0,51.611954,55.0,52.462723,55.0,52.900837,55.0,53.793194,55.0,53.6829,55.0,53.518852,55.0,53.602116,59.0,54.26164,71.0,65.91085,72.0,66.65602,72.0,64.770454,72.0,67.49002,69.0,64.6591,69.0,66.98558,70.0,68.184975,60.0,58.94085
tv80_orig.bench,58.529705,60.0,2.450491674244404,53.0,52.45282,55.0,53.229954,55.0,52.253277,55.0,52.498558,55.0,52.1254,55.0,52.62398,56.0,53.782204,56.0,53.04972,56.0,53.952175,56.0,53.345776,69.0,65.15499,69.0,64.232544,69.0,63.979572,70.0,67.231804,70.0,65.889244,70.0,67.538124,68.0,66.90774,60.0,58.529705
tv80_orig.bench,49.18859,50.0,1.622818037867546,53.0,52.486443,53.0,51.602745,53.0,51.934334,53.0,50.643784,53.0,50.192863,53.0,50.946888,53.0,50.119568,53.0,50.495056,53.0,50.58175,53.0,50.809288,53.0,50.36361,53.0,51.00908,53.0,51.736538,53.0,51.344326,53.0,50.677525,53.0,51.028038,53.0,51.13482,50.0,49.18859
tv80_orig.bench,48.11525,51.0,5.656373128294945,53.0,50.88252,53.0,52.50986,53.0,52.68993,53.0,51.765564,53.0,51.66129,53.0,51.45423,53.0,51.012817,53.0,51.083687,53.0,51.53816,53.0,51.206966,53.0,51.17608,53.0,51.40706,53.0,50.54986,53.0,52.060287,53.0,51.466114,53.0,51.4597,53.0,51.243427,51.0,48.11525
aes_secworks_orig.bench,31.209358,36.0,13.307338953018188,41.0,38.42709,39.0,36.254658,39.0,36.742584,39.0,35.37703,37.0,35.066006,37.0,34.92451,37.0,34.152428,37.0,34.33831,37.0,34.640453,37.0,34.074234,37.0,34.11902,36.0,33.459404,36.0,33.79129,36.0,34.394264,40.0,39.03614,40.0,36.922222,46.0,44.430023,36.0,31.209358
tv80_orig.bench,48.96005,51.0,3.999904543161392,53.0,51.09906,53.0,51.34449,53.0,51.29644,52.0,51.075287,52.0,50.753468,52.0,50.54461,52.0,50.355854,52.0,50.63924,52.0,50.42701,52.0,50.438454,52.0,50.287117,52.0,50.42755,52.0,50.255104,52.0,50.20417,52.0,50.58143,52.0,50.288826,52.0,50.19694,51.0,48.96005
max_orig.bench,183.4418,190.0,3.4516826272010803,287.0,294.55667,234.0,230.8887,234.0,230.18658,234.0,228.97307,234.0,228.13374,234.0,229.28644,234.0,227.51399,202.0,197.71133,202.0,198.58871,202.0,197.91376,292.0,296.8609,202.0,199.37878,202.0,197.34103,202.0,196.34828,190.0,189.75977,190.0,189.18848,190.0,188.9581,190.0,183.4418
max_orig.bench,205.68079,203.0,1.3205843046307564,287.0,293.03625,287.0,292.73276,287.0,291.25012,287.0,292.7354,287.0,292.73196,287.0,293.0586,229.0,223.19339,229.0,223.0912,214.0,217.52742,214.0,216.42455,297.0,303.16464,297.0,297.99094,297.0,299.27646,297.0,299.54172,247.0,237.82791,247.0,236.90176,247.0,233.7888,203.0,205.68079
max_orig.bench,194.58382,196.0,0.7225425913929939,287.0,295.79312,287.0,293.80432,287.0,292.09805,287.0,292.93936,287.0,293.1061,287.0,292.6278,217.0,222.96402,217.0,220.18884,217.0,219.27332,217.0,219.18736,292.0,302.22253,208.0,205.59338,208.0,205.63849,208.0,203.47272,202.0,199.18158,202.0,198.60007,202.0,198.58817,196.0,194.58382
aes_secworks_orig.bench,31.178673,33.0,5.519173294305801,38.0,36.51134,35.0,33.81618,35.0,34.845966,35.0,33.725105,35.0,33.07439,35.0,33.02849,35.0,33.882484,35.0,33.1158,35.0,33.913353,35.0,33.411125,35.0,33.332256,35.0,32.62355,35.0,33.314247,35.0,33.166603,35.0,33.40222,35.0,33.147278,43.0,42.347557,33.0,31.178673
tv80_orig.bench,49.38217,51.0,3.172212466597557,53.0,52.486443,53.0,51.610462,53.0,51.700417,53.0,51.317726,53.0,51.51965,53.0,51.225616,53.0,51.504692,53.0,51.042145,53.0,51.470757,53.0,51.532944,53.0,50.969364,53.0,50.974434,53.0,50.964653,53.0,51.472706,53.0,51.978157,53.0,51.144485,53.0,51.337967,51.0,49.38217
max_orig.bench,158.49692,159.0,0.3164039459079504,234.0,227.53616,234.0,228.5088,234.0,228.87172,234.0,229.47105,227.0,222.9901,227.0,225.40707,221.0,220.51407,192.0,188.35545,192.0,189.28723,192.0,188.31424,192.0,188.26917,182.0,176.66919,182.0,179.29253,182.0,177.76251,173.0,172.573,173.0,174.02338,173.0,170.86592,159.0,158.49692
tv80_orig.bench,48.264446,52.0,7.183757424354553,53.0,50.871204,53.0,51.666298,53.0,52.114136,53.0,51.643356,53.0,51.55729,53.0,51.245995,53.0,51.244205,53.0,51.113747,53.0,51.435432,53.0,51.425476,53.0,51.10633,53.0,50.706844,53.0,51.088417,53.0,51.101418,53.0,50.946533,53.0,51.646446,53.0,51.06887,52.0,48.264446
max_orig.bench,158.46698,164.0,3.3737927675247192,234.0,227.53616,234.0,225.4514,234.0,226.19577,234.0,226.64394,234.0,227.43893,234.0,227.98357,216.0,220.51501,188.0,188.70413,188.0,189.88249,188.0,188.43652,188.0,188.29526,179.0,178.90207,179.0,179.21147,179.0,177.50476,174.0,171.94098,174.0,173.90076,174.0,169.66168,164.0,158.46698
max_orig.bench,164.29706,171.0,3.919849172234535,287.0,291.65994,234.0,230.48419,234.0,229.98164,234.0,228.41289,234.0,228.65378,234.0,228.9694,234.0,227.4906,202.0,195.32553,202.0,195.50096,202.0,194.94946,295.0,293.18396,199.0,192.01007,199.0,193.53174,199.0,191.98001,184.0,182.78268,184.0,183.52328,184.0,183.91968,171.0,164.29706
aes_secworks_orig.bench,31.324095,35.0,10.502586513757706,38.0,36.51134,35.0,33.81618,35.0,34.414352,35.0,33.751163,35.0,33.062447,35.0,33.81687,35.0,33.822357,35.0,33.79613,35.0,33.20654,35.0,32.780815,35.0,33.03895,35.0,33.069477,35.0,33.821106,35.0,33.67325,35.0,33.833874,35.0,33.55086,43.0,42.030876,35.0,31.324095
aes_secworks_orig.bench,31.715351,33.0,3.892875462770462,41.0,37.741352,38.0,36.36452,37.0,35.695145,35.0,33.658493,35.0,33.898224,35.0,34.03763,35.0,34.062668,35.0,33.622124,35.0,33.52292,35.0,33.440254,35.0,33.62593,35.0,33.68387,35.0,33.340683,35.0,33.52277,40.0,37.77542,40.0,37.452034,46.0,44.808655,33.0,31.715351
tv80_orig.bench,55.195847,58.0,4.834747314453125,53.0,52.486443,53.0,51.736904,53.0,51.529243,53.0,51.301907,53.0,51.47039,53.0,51.52902,53.0,51.756424,53.0,52.607986,53.0,52.67247,53.0,52.080887,66.0,62.27287,66.0,62.062035,66.0,62.324688,65.0,61.44278,67.0,61.724625,67.0,61.77388,66.0,61.80253,58.0,55.195847
max_orig.bench,161.36508,161.0,0.22675886284559965,287.0,291.44705,234.0,231.0415,234.0,229.74542,234.0,229.51346,227.0,223.6954,227.0,223.19385,227.0,222.69064,194.0,192.08395,194.0,192.97272,194.0,191.11794,194.0,191.30621,185.0,183.91766,185.0,184.29399,185.0,182.655,177.0,177.72592,177.0,177.92828,177.0,175.86469,161.0,161.36508
tv80_orig.bench,48.25439,50.0,3.491218388080597,53.0,51.09906,53.0,51.34449,53.0,51.466824,53.0,51.021492,53.0,50.672905,53.0,50.342445,53.0,50.533966,53.0,50.44976,53.0,50.591393,53.0,50.592308,53.0,50.197544,53.0,50.17646,53.0,50.340866,53.0,50.327984,53.0,50.24479,53.0,50.501976,53.0,50.483276,50.0,48.25439
max_orig.bench,173.66867,176.0,1.3246189802885056,287.0,292.56857,234.0,230.58273,234.0,229.6121,231.0,226.19058,231.0,227.61151,231.0,227.91959,231.0,225.18579,231.0,225.2702,231.0,225.46263,231.0,223.60724,299.0,300.53134,204.0,199.72519,204.0,199.81226,204.0,197.54132,192.0,192.61464,192.0,192.26373,192.0,191.11624,176.0,173.66867
tv80_orig.bench,54.991188,53.0,3.756958618760109,53.0,52.486443,53.0,51.736904,53.0,52.047577,53.0,51.876778,53.0,52.01744,53.0,52.003746,53.0,52.083233,53.0,53.018486,53.0,52.540703,53.0,52.2614,61.0,62.524582,61.0,63.39484,61.0,61.307278,61.0,60.83874,61.0,62.418945,61.0,60.580917,62.0,65.040375,53.0,54.991188
tv80_orig.bench,48.029934,51.0,5.823658779263496,53.0,51.09906,53.0,51.34449,53.0,51.28908,52.0,51.121544,52.0,50.822403,52.0,50.622864,52.0,50.31832,52.0,50.604454,52.0,50.369827,52.0,50.736275,52.0,50.279957,52.0,49.847004,52.0,49.87239,52.0,50.06076,52.0,50.19673,52.0,50.174828,52.0,50.34524,51.0,48.029934
tv80_orig.bench,61.158348,66.0,7.335836440324783,55.0,52.72698,57.0,52.865974,59.0,52.821487,59.0,53.26014,59.0,54.08369,59.0,54.930485,59.0,54.278008,59.0,54.378323,60.0,54.12808,60.0,54.829956,72.0,69.27947,75.0,70.76554,66.0,63.439796,66.0,65.81053,69.0,65.7556,69.0,66.68568,77.0,69.76968,66.0,61.158348
aes_secworks_orig.bench,31.273989,35.0,10.645746439695358,41.0,38.42709,39.0,34.748184,39.0,36.192627,39.0,34.518818,37.0,34.51349,37.0,34.574135,37.0,33.978508,37.0,34.0521,37.0,34.326862,37.0,33.922085,37.0,33.84008,37.0,33.319424,37.0,33.98945,37.0,34.18328,42.0,38.303123,42.0,37.606956,47.0,44.26934,35.0,31.273989
max_orig.bench,160.40172,161.0,0.3716036444529891,287.0,290.71436,234.0,229.97366,234.0,227.25496,234.0,227.6012,227.0,223.40454,227.0,224.60081,227.0,223.96738,194.0,192.36018,194.0,193.64151,194.0,192.17938,194.0,191.55135,185.0,182.82587,185.0,183.79842,185.0,181.988,177.0,177.63704,177.0,177.5416,177.0,176.5427,161.0,160.40172
aes_secworks_orig.bench,31.55119,33.0,4.3903350830078125,38.0,37.265015,37.0,35.942154,35.0,33.810604,35.0,33.91307,35.0,34.19075,35.0,34.445,35.0,33.996284,35.0,33.926506,35.0,33.796608,35.0,33.659534,35.0,33.508133,35.0,34.0437,35.0,34.045853,35.0,33.650997,35.0,33.76427,35.0,33.908287,43.0,42.597412,33.0,31.55119
aes_secworks_orig.bench,32.00107,33.0,3.0270664021372795,38.0,37.065315,35.0,33.80431,35.0,33.85965,35.0,33.94055,35.0,33.125557,35.0,33.69676,35.0,33.33073,35.0,33.252914,35.0,33.102386,35.0,33.72644,35.0,33.066925,35.0,32.88407,35.0,33.299965,35.0,33.718033,35.0,33.800434,35.0,34.0027,35.0,33.75261,33.0,32.00107
aes_secworks_orig.bench,31.304535,33.0,5.137772858142853,38.0,36.303238,35.0,34.090134,35.0,35.05387,35.0,33.81817,35.0,32.752464,35.0,33.546875,35.0,33.54769,35.0,33.53477,35.0,32.91749,35.0,33.392654,35.0,33.150803,35.0,32.441036,35.0,32.417133,35.0,33.38128,35.0,33.466835,35.0,33.097214,43.0,42.13392,33.0,31.304535
max_orig.bench,187.17485,187.0,0.09350292384624481,287.0,294.55667,234.0,230.8887,234.0,229.47739,234.0,229.17238,234.0,228.41403,234.0,229.30437,234.0,227.54124,202.0,197.31848,202.0,198.23743,202.0,197.91849,292.0,296.69516,202.0,198.41446,202.0,196.97829,202.0,196.0188,190.0,189.5328,190.0,188.95622,187.0,185.5564,187.0,187.17485
aes_secworks_orig.bench,31.331047,33.0,5.057433247566223,38.0,35.959606,37.0,35.821808,37.0,35.907406,37.0,35.557648,37.0,34.83876,37.0,35.17528,36.0,34.3319,36.0,34.270935,36.0,34.482845,35.0,33.42691,35.0,34.129517,35.0,34.1866,35.0,33.917656,35.0,34.350044,40.0,39.597412,40.0,38.952545,46.0,44.597855,33.0,31.331047
max_orig.bench,189.73578,186.0,2.008483186364174,287.0,291.39456,287.0,291.4328,287.0,291.69824,287.0,291.0145,287.0,289.51205,287.0,289.56644,287.0,291.18582,287.0,289.89145,287.0,292.02493,287.0,289.94513,306.0,308.9396,208.0,207.21916,208.0,206.32773,208.0,204.09067,201.0,200.19989,201.0,199.75659,186.0,191.04031,186.0,189.73578
tv80_orig.bench,47.903877,49.0,2.2369852289557457,53.0,51.09906,53.0,51.34449,53.0,51.29644,52.0,51.07529,52.0,50.71173,52.0,50.364677,52.0,50.270584,52.0,50.400257,52.0,50.798813,52.0,50.74104,52.0,50.15195,52.0,50.026917,52.0,50.241444,52.0,50.36518,52.0,50.43455,52.0,50.224525,52.0,50.05213,49.0,47.903877
aes_secworks_orig.bench,31.606722,33.0,4.2220547795295715,38.0,37.159454,35.0,33.732563,35.0,33.552055,35.0,34.329414,35.0,33.0708,35.0,33.911243,35.0,33.67599,35.0,33.852627,35.0,33.34519,35.0,33.40004,35.0,33.21488,35.0,33.455936,35.0,34.157295,35.0,33.64447,35.0,33.845226,35.0,32.941044,43.0,42.257835,33.0,31.606722
aes_secworks_orig.bench,32.782333,33.0,0.6595958489924669,38.0,35.959606,36.0,35.340157,36.0,35.095848,36.0,35.073887,36.0,34.589104,36.0,34.411198,36.0,34.142532,36.0,34.417137,36.0,34.496483,34.0,32.958008,34.0,33.45763,34.0,33.879486,34.0,34.43325,34.0,34.5829,38.0,39.152527,38.0,37.892258,45.0,43.692078,33.0,32.782333
max_orig.bench,169.20306,174.0,2.7568597346544266,287.0,294.55667,234.0,230.8887,234.0,229.47736,234.0,229.17238,234.0,228.41403,234.0,229.30438,234.0,227.54124,202.0,197.31848,202.0,198.23743,202.0,197.47151,292.0,296.1035,202.0,198.34761,202.0,196.86243,202.0,195.92795,190.0,189.348,190.0,188.78651,187.0,185.49316,174.0,169.20306
aes_secworks_orig.bench,31.267645,33.0,5.249560996890068,38.0,37.065315,35.0,33.80431,35.0,33.85965,35.0,33.94055,35.0,33.125557,35.0,33.714382,35.0,33.265926,35.0,33.14608,35.0,33.111458,35.0,32.84194,35.0,33.024586,35.0,32.882652,35.0,33.29251,35.0,33.589417,35.0,33.633312,35.0,34.389145,43.0,41.65339,33.0,31.267645
tv80_orig.bench,50.22315,52.0,3.4170225262641907,53.0,51.09906,53.0,51.34449,53.0,51.29644,52.0,51.075294,52.0,50.594513,52.0,50.40953,52.0,50.234566,52.0,50.60478,52.0,50.931557,52.0,50.556126,52.0,50.281654,52.0,50.303185,52.0,50.505974,52.0,50.534145,52.0,50.36225,52.0,50.214664,52.0,50.27183,52.0,50.22315
aes_secworks_orig.bench,31.12227,35.0,11.079227179288864,41.0,37.741352,38.0,36.461357,38.0,35.20587,35.0,33.424072,35.0,33.971222,35.0,33.39186,35.0,33.275497,35.0,33.626152,35.0,33.355377,35.0,33.452103,35.0,32.409386,35.0,33.05365,35.0,32.99244,35.0,33.24517,35.0,33.076214,33.0,31.709953,44.0,41.57588,35.0,31.12227
aes_secworks_orig.bench,31.912994,33.0,3.293956443667412,38.0,36.90044,38.0,36.25485,37.0,35.690334,37.0,35.534264,37.0,35.29544,37.0,34.980057,37.0,35.411537,36.0,34.74565,36.0,34.963802,36.0,35.147694,34.0,31.235876,34.0,31.97279,34.0,32.909546,34.0,32.953,38.0,34.382088,38.0,33.804825,44.0,45.00879,33.0,31.912994
aes_secworks_orig.bench,31.987146,35.0,8.608153462409973,41.0,37.77684,37.0,35.789825,37.0,35.455685,37.0,35.93063,37.0,34.438313,37.0,34.55809,37.0,34.227592,37.0,34.80841,37.0,34.367905,37.0,35.10859,35.0,33.270306,35.0,33.57528,35.0,33.705727,35.0,34.53992,40.0,37.724174,40.0,36.60572,35.0,31.969387,35.0,31.987146
aes_secworks_orig.bench,31.71386,33.0,3.897395357489586,41.0,37.741352,38.0,36.461357,38.0,35.20587,35.0,33.424072,35.0,33.971222,35.0,33.39186,35.0,33.275497,35.0,33.626152,35.0,33.355377,35.0,33.452103,35.0,32.409386,35.0,32.70323,35.0,32.949017,35.0,33.21034,35.0,33.277508,33.0,31.663841,33.0,32.04625,33.0,31.71386
aes_secworks_orig.bench,31.404465,34.0,7.6339274644851685,41.0,37.741352,38.0,37.48193,35.0,33.768578,35.0,34.09159,35.0,34.193554,35.0,33.482624,35.0,33.24597,35.0,33.388798,35.0,33.121655,35.0,33.32213,35.0,32.94676,35.0,33.143562,35.0,33.13252,35.0,33.35177,35.0,33.480232,35.0,32.904423,43.0,42.22642,34.0,31.404465
tv80_orig.bench,53.481434,57.0,6.172922998666763,53.0,52.486443,53.0,51.736904,53.0,52.047573,53.0,51.876774,53.0,52.01744,53.0,52.003746,53.0,52.083233,53.0,53.018486,53.0,52.540703,53.0,52.26139,53.0,50.48961,53.0,52.740105,53.0,53.028915,53.0,52.60608,58.0,54.06768,58.0,53.29013,68.0,62.943214,57.0,53.481434
max_orig.bench,169.69147,174.0,2.4761682376265526,287.0,292.84256,234.0,231.19029,234.0,230.03894,234.0,228.94165,234.0,228.42166,234.0,229.49509,234.0,227.3538,202.0,197.15428,202.0,197.73267,202.0,196.62845,292.0,295.5593,202.0,197.0063,202.0,196.15195,202.0,195.35472,190.0,188.81049,190.0,187.8877,187.0,184.64984,174.0,169.69147
max_orig.bench,158.49715,165.0,3.9411231875419617,234.0,227.53616,234.0,227.87819,234.0,228.23044,234.0,229.88547,227.0,223.46619,227.0,224.96683,221.0,220.25647,192.0,188.19785,192.0,189.38287,192.0,187.36914,192.0,187.72823,182.0,177.52708,182.0,178.4359,182.0,177.11319,173.0,172.53966,173.0,173.11612,173.0,170.16965,165.0,158.49715
max_orig.bench,191.19911,193.0,0.9331026114523411,287.0,289.53598,234.0,230.507,234.0,228.92099,234.0,226.9383,234.0,227.57097,234.0,228.46677,234.0,226.19798,202.0,195.5032,202.0,196.83008,202.0,195.37692,292.0,295.90347,292.0,292.47116,292.0,289.4796,292.0,289.72296,243.0,227.8598,243.0,237.14453,237.0,230.63106,193.0,191.19911
max_orig.bench,158.64766,171.0,7.223591208457947,234.0,227.53616,234.0,228.5088,234.0,228.87173,234.0,229.47107,227.0,222.9901,227.0,225.40707,221.0,220.51407,192.0,188.35545,192.0,189.28723,192.0,188.31424,192.0,188.27527,182.0,178.46082,182.0,179.31805,182.0,176.74384,178.0,173.11526,178.0,174.60892,178.0,171.81769,171.0,158.64766
tv80_orig.bench,51.122723,52.0,1.6870718449354172,53.0,52.486443,53.0,51.736904,53.0,52.02153,53.0,51.79043,53.0,51.96855,53.0,51.676224,53.0,52.00426,53.0,52.79805,53.0,52.92222,53.0,52.559692,53.0,52.331802,53.0,52.152733,53.0,51.870415,53.0,52.712517,55.0,55.19908,55.0,54.209843,55.0,54.928364,52.0,51.122723
max_orig.bench,158.63092,159.0,0.23212553933262825,234.0,227.53616,234.0,228.18219,234.0,227.48239,234.0,227.70851,227.0,222.42061,227.0,223.19458,221.0,219.07254,192.0,188.35562,192.0,188.70256,192.0,187.90544,192.0,187.53535,182.0,178.06721,182.0,178.25122,182.0,176.85,173.0,172.35112,173.0,173.56847,173.0,169.9227,159.0,158.63092
aes_secworks_orig.bench,31.18723,33.0,5.493244901299477,41.0,37.741352,38.0,36.461357,38.0,35.20587,35.0,33.424072,35.0,34.166283,35.0,33.611694,35.0,33.521835,35.0,33.672462,35.0,33.299675,35.0,33.512165,35.0,32.496304,35.0,32.681267,35.0,33.201614,35.0,33.5037,35.0,33.61786,35.0,33.246696,43.0,42.175983,33.0,31.18723
tv80_orig.bench,48.088005,49.0,1.8612140789628029,53.0,51.09906,53.0,51.34449,53.0,51.28908,52.0,51.121544,52.0,50.80799,52.0,50.741913,52.0,50.603798,52.0,50.730972,52.0,50.514366,52.0,50.76246,52.0,50.324074,52.0,50.46586,52.0,50.32378,52.0,50.382195,52.0,50.72529,52.0,50.33792,52.0,50.418633,49.0,48.088005
max_orig.bench,169.16089,174.0,2.781098522245884,287.0,291.39456,234.0,229.53314,234.0,229.1045,234.0,226.23427,234.0,227.69847,234.0,228.02127,234.0,225.84767,202.0,197.72566,202.0,197.84486,202.0,196.36896,292.0,295.81287,202.0,196.69095,202.0,195.78688,202.0,194.97012,190.0,189.22714,190.0,188.26656,187.0,185.10349,174.0,169.16089
tv80_orig.bench,47.788826,51.0,6.2964193522930145,53.0,51.09906,53.0,51.34449,53.0,51.29644,52.0,51.075294,52.0,49.905495,52.0,50.047707,52.0,50.42494,52.0,50.194866,52.0,50.60977,52.0,50.571877,52.0,50.09855,52.0,50.061157,52.0,50.264023,52.0,50.125168,52.0,50.160637,52.0,50.04509,52.0,49.87879,51.0,47.788826
aes_secworks_orig.bench,32.44699,33.0,1.6757849603891373,38.0,35.959606,36.0,34.95017,36.0,35.243984,36.0,35.376156,36.0,34.817177,36.0,34.97734,36.0,34.90983,36.0,34.68237,36.0,34.61268,34.0,33.451855,34.0,34.076794,34.0,33.936653,34.0,33.472717,34.0,34.193085,38.0,39.75627,38.0,38.19055,45.0,43.998116,33.0,32.44699
tv80_orig.bench,48.064903,50.0,3.870193660259247,53.0,51.09906,53.0,51.34449,53.0,51.28908,53.0,51.168785,53.0,51.13977,53.0,51.039948,53.0,50.79624,53.0,50.66323,53.0,50.55897,53.0,51.153084,53.0,50.36315,53.0,50.480564,53.0,50.558956,53.0,50.610847,53.0,50.730606,53.0,50.417458,53.0,50.605328,50.0,48.064903
tv80_orig.bench,62.18318,64.0,2.838778495788574,53.0,52.919945,53.0,52.112476,53.0,52.163208,53.0,52.09871,53.0,52.147507,53.0,52.04572,54.0,52.087006,54.0,53.150547,54.0,52.647896,54.0,52.309723,63.0,62.633804,63.0,62.958725,63.0,61.227627,63.0,60.741436,64.0,62.424805,64.0,60.382412,65.0,65.191414,64.0,62.18318
aes_secworks_orig.bench,31.393366,33.0,4.868588224053383,38.0,37.065315,35.0,33.80431,35.0,33.85965,35.0,33.94055,35.0,33.125557,35.0,33.3819,35.0,33.348186,35.0,33.417595,35.0,33.5923,35.0,33.90962,35.0,33.85241,35.0,32.913933,35.0,32.342327,35.0,33.79019,35.0,33.90406,35.0,33.911346,42.0,42.090225,33.0,31.393366
tv80_orig.bench,54.550232,53.0,2.9249658808112144,53.0,52.486443,53.0,51.736904,53.0,52.047577,53.0,51.876774,53.0,51.970818,53.0,51.852226,53.0,52.0075,53.0,52.986343,53.0,52.902203,53.0,52.141655,62.0,62.296852,62.0,61.213028,62.0,60.822517,62.0,60.602993,62.0,60.816338,62.0,61.314102,62.0,64.412155,53.0,54.550232
max_orig.bench,194.72418,196.0,0.6509274709969759,287.0,295.79312,287.0,293.8043,287.0,292.09805,287.0,292.93936,287.0,293.1061,287.0,292.6278,217.0,222.96402,217.0,220.47145,217.0,219.52966,217.0,219.41255,292.0,302.58508,208.0,205.6893,208.0,205.70775,208.0,203.5399,202.0,199.31326,202.0,198.72604,202.0,198.73746,196.0,194.72418
max_orig.bench,188.50848,196.0,3.8222022354602814,287.0,293.4894,287.0,291.0954,287.0,290.2093,287.0,289.16678,287.0,291.3483,287.0,289.81302,287.0,291.55533,287.0,291.3389,287.0,289.03214,287.0,290.78793,306.0,309.59512,208.0,206.21071,208.0,205.9672,208.0,205.03262,202.0,200.39288,202.0,199.68115,202.0,199.17542,196.0,188.50848
aes_secworks_orig.bench,31.369284,33.0,4.9415647983551025,41.0,37.77684,37.0,35.789825,37.0,35.455685,37.0,35.93063,37.0,34.310146,37.0,34.478218,37.0,34.147842,37.0,34.2688,37.0,34.25487,37.0,34.680397,35.0,33.14363,35.0,34.06124,35.0,34.202675,35.0,33.939415,40.0,38.949997,40.0,38.457764,45.0,43.578373,33.0,31.369284
aes_secworks_orig.bench,31.261421,33.0,5.268420651555061,38.0,37.065315,35.0,33.80431,35.0,33.51151,35.0,33.62831,35.0,34.25294,35.0,33.82878,35.0,33.270382,35.0,34.245514,35.0,33.237312,35.0,32.82427,35.0,33.334526,35.0,32.27463,35.0,33.086597,35.0,33.436813,35.0,33.670418,35.0,33.4356,43.0,42.245705,33.0,31.261421
aes_secworks_orig.bench,33.273956,33.0,0.8301706053316593,38.0,35.959606,38.0,36.193222,37.0,35.631775,37.0,36.194084,37.0,35.77748,37.0,35.188393,37.0,34.564545,37.0,34.535183,37.0,35.03981,37.0,34.517586,37.0,34.76403,37.0,34.155746,37.0,34.609436,37.0,34.16489,41.0,38.29917,41.0,37.627823,44.0,44.36452,33.0,33.273956
aes_secworks_orig.bench,31.188107,33.0,5.490586161613464,38.0,37.159454,35.0,33.732563,35.0,34.180058,35.0,33.224518,35.0,33.865646,35.0,32.96731,35.0,33.58891,35.0,33.37499,35.0,33.50834,35.0,33.26113,35.0,33.077843,35.0,33.165142,35.0,32.953987,35.0,33.152565,35.0,33.33278,35.0,32.866573,42.0,42.17224,33.0,31.188107
max_orig.bench,158.35596,163.0,2.849106118083,234.0,227.53616,234.0,225.4514,234.0,226.19577,234.0,226.64392,227.0,221.61397,227.0,223.21144,221.0,219.00745,192.0,187.79172,192.0,188.43918,192.0,187.5578,192.0,187.4682,182.0,177.53772,182.0,178.39468,182.0,176.75684,182.0,174.5245,182.0,173.84164,182.0,172.36597,163.0,158.35596
tv80_orig.bench,61.30037,66.0,7.120652496814728,55.0,52.72698,57.0,52.865974,59.0,52.821487,59.0,53.260147,59.0,54.08369,59.0,54.930485,59.0,54.70441,59.0,54.411465,60.0,54.216625,60.0,54.88652,72.0,69.582375,75.0,70.925476,66.0,63.586067,66.0,65.94381,69.0,65.85587,69.0,66.80999,76.0,69.94432,66.0,61.30037
aes_secworks_orig.bench,32.069637,33.0,2.8192808851599693,41.0,36.759132,38.0,36.414753,37.0,35.728428,37.0,36.265327,37.0,34.910957,37.0,35.18933,37.0,34.146133,36.0,34.143723,36.0,33.798237,36.0,34.29944,34.0,31.805073,34.0,32.052395,34.0,32.70813,34.0,32.421734,38.0,34.602097,38.0,33.769398,44.0,45.37812,33.0,32.069637
max_orig.bench,194.40964,206.0,5.626389756798744,229.0,218.09554,229.0,223.66544,229.0,222.53986,229.0,225.74261,229.0,224.81648,229.0,220.31583,229.0,214.0451,229.0,217.16449,229.0,217.87683,229.0,217.66052,301.0,302.74213,301.0,302.08508,219.0,207.43176,219.0,204.93631,206.0,199.59348,206.0,200.66644,288.0,276.55005,206.0,194.40964
aes_secworks_orig.bench,31.85488,33.0,3.4700624644756317,38.0,36.51134,35.0,33.81618,35.0,34.414352,35.0,33.751163,35.0,33.062447,35.0,34.049667,35.0,33.779858,35.0,33.509335,35.0,33.13173,35.0,32.74972,35.0,33.05751,35.0,33.125664,35.0,33.812084,35.0,33.683445,35.0,33.883167,35.0,33.63975,33.0,31.849302,33.0,31.85488
max_orig.bench,162.074,171.0,5.219880118966103,287.0,293.81958,234.0,229.94626,234.0,229.1564,234.0,228.92247,227.0,224.17557,227.0,225.34943,227.0,224.86673,199.0,193.03125,199.0,194.03752,199.0,192.66742,199.0,192.17615,188.0,180.13339,188.0,182.40787,188.0,181.61792,183.0,177.53308,183.0,177.31451,183.0,176.39444,171.0,162.074
max_orig.bench,188.70981,196.0,3.7194855511188507,287.0,293.40497,287.0,291.79315,287.0,291.4556,287.0,291.06662,287.0,291.78183,287.0,289.53177,287.0,291.52032,287.0,291.66437,287.0,292.56155,287.0,292.058,306.0,310.25192,208.0,206.31003,208.0,207.08295,208.0,203.7612,202.0,200.21033,202.0,199.47958,202.0,197.24237,196.0,188.70981
aes_secworks_orig.bench,31.675236,34.0,6.837541610002518,41.0,37.77684,37.0,35.789825,37.0,35.580933,37.0,34.85565,37.0,34.25943,37.0,34.317947,37.0,34.737103,37.0,34.005127,37.0,34.649162,37.0,34.395744,37.0,34.02664,37.0,34.813976,37.0,33.98477,37.0,34.92314,41.0,39.877495,41.0,37.423923,45.0,44.210045,34.0,31.675236
aes_secworks_orig.bench,31.354044,33.0,4.9877457320690155,38.0,37.065315,35.0,33.80431,35.0,34.43488,35.0,33.564766,35.0,32.821106,35.0,33.136387,35.0,33.261497,35.0,33.358727,35.0,33.545715,35.0,33.440586,35.0,33.695744,35.0,32.814342,35.0,32.294197,35.0,33.643288,35.0,33.810093,35.0,33.78668,43.0,41.747154,33.0,31.354044
aes_secworks_orig.bench,31.620674,33.0,4.179775342345238,41.0,37.741352,38.0,36.36452,38.0,35.72661,35.0,33.764034,35.0,33.298626,35.0,33.349106,35.0,33.9592,35.0,33.723515,35.0,33.25831,35.0,33.48821,35.0,33.841175,35.0,33.206627,35.0,33.20942,35.0,33.396236,35.0,33.466164,33.0,32.319626,41.0,41.25248,33.0,31.620674
tv80_orig.bench,49.117794,51.0,3.690600022673607,53.0,51.09906,53.0,51.34449,53.0,51.28908,52.0,51.121544,52.0,50.80799,52.0,50.56932,52.0,50.62622,52.0,50.742218,52.0,50.56642,52.0,50.81359,52.0,50.359272,52.0,50.47013,52.0,50.327194,52.0,50.572517,52.0,50.64229,52.0,50.412155,52.0,50.439857,51.0,49.117794
aes_secworks_orig.bench,31.32055,35.0,10.512711852788925,38.0,37.065315,35.0,33.80431,35.0,33.85965,35.0,33.94055,35.0,34.00741,35.0,33.88716,35.0,33.37707,35.0,33.624302,35.0,34.21502,35.0,32.789608,35.0,33.12973,35.0,33.04253,35.0,32.55549,35.0,34.603592,35.0,34.12365,35.0,33.92141,44.0,42.566612,35.0,31.32055
max_orig.bench,188.56729,193.0,2.2967401891946793,287.0,293.81958,287.0,293.03537,287.0,293.75974,287.0,293.18896,287.0,292.42883,287.0,291.6674,287.0,292.47018,287.0,291.84775,287.0,292.56122,287.0,293.01105,306.0,309.356,208.0,206.45209,208.0,206.3351,208.0,205.34601,201.0,199.98532,201.0,200.19366,201.0,198.01154,193.0,188.56729
max_orig.bench,176.7669,186.0,4.964028671383858,287.0,291.39456,287.0,289.65982,287.0,289.4465,287.0,290.80417,243.0,230.87354,243.0,229.32881,243.0,226.9495,206.0,201.8486,206.0,200.50739,206.0,200.5137,206.0,198.32213,201.0,194.73865,201.0,194.65778,201.0,193.06815,194.0,188.94775,194.0,189.04767,194.0,187.7203,186.0,176.7669
aes_secworks_orig.bench,32.023453,35.0,8.504420518875122,41.0,37.77684,39.0,36.235752,39.0,36.754456,37.0,36.039482,37.0,35.023052,37.0,35.01174,37.0,34.46267,37.0,34.21964,37.0,34.54416,37.0,34.237286,37.0,34.508118,36.0,33.395782,36.0,34.34718,36.0,33.983093,40.0,38.0633,40.0,37.045883,40.0,36.898514,35.0,32.023453
tv80_orig.bench,50.16674,52.0,3.525499254465103,53.0,51.09906,53.0,51.34449,53.0,51.29644,52.0,51.075294,52.0,50.456875,52.0,50.581528,52.0,50.44233,52.0,50.63872,52.0,50.39675,52.0,50.380627,52.0,50.27318,52.0,50.3635,52.0,50.220276,52.0,50.425365,52.0,50.599686,52.0,50.195705,52.0,50.087326,52.0,50.16674
aes_secworks_orig.bench,31.883583,34.0,6.224755570292473,41.0,37.77684,37.0,35.789825,37.0,35.580933,37.0,34.85565,37.0,34.25943,37.0,34.035114,36.0,33.925873,36.0,33.73932,36.0,34.044155,36.0,34.269024,36.0,33.585308,36.0,34.25965,36.0,33.467915,36.0,34.61908,41.0,40.211655,41.0,37.977474,45.0,45.08566,34.0,31.883583
tv80_orig.bench,56.361755,57.0,1.1197274550795555,53.0,52.919945,53.0,52.62816,53.0,52.45847,53.0,52.056072,53.0,51.792847,53.0,52.328342,54.0,53.355732,54.0,52.509758,54.0,53.568623,54.0,52.98233,64.0,63.427338,64.0,63.23769,64.0,63.10218,66.0,66.298355,66.0,65.0739,66.0,63.783066,69.0,65.8421,57.0,56.361755
max_orig.bench,159.85718,165.0,3.116861917078495,287.0,289.25253,234.0,230.17673,234.0,229.23633,234.0,227.75359,227.0,223.11533,227.0,223.4534,227.0,223.84892,194.0,192.23737,194.0,193.22166,194.0,191.72717,194.0,191.49176,179.0,179.57166,179.0,183.05666,176.0,177.40472,175.0,175.73112,175.0,176.2829,175.0,175.34581,165.0,159.85718
tv80_orig.bench,47.91188,51.0,6.055136397480965,53.0,50.045403,53.0,51.979584,53.0,51.948433,53.0,51.798298,53.0,51.877953,53.0,51.645355,53.0,51.703773,53.0,51.440002,53.0,51.882973,53.0,51.842224,53.0,51.151703,53.0,51.025105,53.0,51.05179,53.0,51.032166,53.0,51.2082,53.0,50.819336,53.0,51.51236,51.0,47.91188
aes_secworks_orig.bench,32.794937,33.0,0.6214026361703873,38.0,35.959606,37.0,36.01183,37.0,35.550163,37.0,35.820946,37.0,35.60749,37.0,35.238422,37.0,34.774326,37.0,34.695744,37.0,34.6631,35.0,33.354958,35.0,33.716343,35.0,34.088505,35.0,33.966164,35.0,34.59698,40.0,39.932842,40.0,39.089497,45.0,44.176266,33.0,32.794937
aes_secworks_orig.bench,31.346478,33.0,5.010674148797989,41.0,37.77684,39.0,36.235752,39.0,36.754456,37.0,36.039482,37.0,35.023052,37.0,34.713585,37.0,34.574505,37.0,34.935707,37.0,34.745167,37.0,34.467148,37.0,34.69404,36.0,33.303284,36.0,35.189117,36.0,34.001244,40.0,39.092983,40.0,38.54991,46.0,44.16359,33.0,31.346478
tv80_orig.bench,55.106293,56.0,1.5959057956933975,53.0,52.486443,53.0,51.736904,53.0,52.047573,53.0,52.214294,53.0,51.820522,53.0,51.698074,53.0,51.970978,53.0,52.629448,53.0,51.985832,53.0,52.135414,65.0,62.513092,65.0,63.10797,65.0,63.03967,65.0,61.72255,66.0,61.62646,66.0,62.241302,66.0,64.918434,56.0,55.106293
aes_secworks_orig.bench,31.627329,35.0,9.636203199625015,38.0,35.959606,38.0,35.845036,35.0,34.410103,35.0,34.93387,35.0,34.298927,35.0,33.750782,35.0,33.7996,35.0,33.934116,35.0,33.870785,35.0,33.88826,35.0,33.429615,35.0,33.4382,35.0,33.433693,35.0,33.715637,35.0,33.80706,35.0,34.200317,44.0,41.430912,35.0,31.627329
max_orig.bench,161.22064,161.0,0.13704478042200208,287.0,291.39456,234.0,229.53314,234.0,227.19406,234.0,227.71878,227.0,223.3977,227.0,224.72287,227.0,223.98926,194.0,193.73611,194.0,193.76802,194.0,192.29816,194.0,192.45135,185.0,184.77017,185.0,185.2801,185.0,183.46632,177.0,178.32388,177.0,178.39516,177.0,176.39886,161.0,161.22064
max_orig.bench,158.19861,159.0,0.5040198564529419,234.0,227.53616,234.0,226.50104,234.0,228.63878,234.0,229.20735,227.0,222.36365,227.0,222.63728,221.0,218.98523,192.0,188.06857,192.0,188.64499,192.0,187.70036,192.0,187.75497,182.0,178.32944,182.0,179.01584,182.0,177.34978,173.0,172.15967,173.0,173.85991,173.0,171.44235,159.0,158.19861
tv80_orig.bench,55.464798,56.0,0.9557179175317287,53.0,52.486443,53.0,51.736904,53.0,52.047577,53.0,51.876774,53.0,50.305515,53.0,52.18993,53.0,52.42448,53.0,53.19768,53.0,52.600197,53.0,51.68868,62.0,62.30944,62.0,60.892265,62.0,61.525543,62.0,60.332703,64.0,61.088142,64.0,61.9318,66.0,64.86967,56.0,55.464798
max_orig.bench,191.47997,193.0,0.7875828072428703,287.0,293.88568,234.0,230.46516,234.0,229.57875,234.0,228.74092,234.0,229.01505,234.0,228.77374,234.0,227.24532,202.0,197.19797,202.0,198.08186,202.0,196.45776,292.0,297.55356,292.0,294.63562,292.0,292.30197,292.0,294.46262,243.0,231.2655,243.0,238.6482,237.0,232.67444,193.0,191.47997
aes_secworks_orig.bench,32.02749,33.0,2.9470039531588554,38.0,37.065315,35.0,33.80431,35.0,33.85965,35.0,33.94055,35.0,33.125557,35.0,33.3819,35.0,33.348186,35.0,33.417595,35.0,33.5923,35.0,33.707886,35.0,33.902443,35.0,32.83654,35.0,33.254547,35.0,33.732292,35.0,33.857597,35.0,33.60918,35.0,33.52118,33.0,32.02749
max_orig.bench,159.44772,165.0,3.365015983581543,234.0,227.53616,234.0,228.5321,234.0,226.78748,234.0,227.31274,227.0,222.3399,227.0,224.02475,221.0,219.38872,192.0,188.87411,192.0,189.3622,192.0,188.29987,192.0,188.04074,182.0,178.77637,182.0,178.55261,182.0,177.12448,173.0,172.63914,165.0,160.51714,165.0,169.7758,165.0,159.44772
aes_secworks_orig.bench,31.416498,33.0,4.798490181565285,38.0,37.065315,35.0,33.80431,35.0,33.85965,35.0,33.94055,35.0,33.125557,35.0,33.56167,35.0,33.32486,35.0,33.205162,35.0,33.100075,35.0,33.631226,35.0,33.082016,35.0,32.88398,35.0,33.280205,35.0,33.662975,35.0,33.741295,35.0,33.948193,43.0,42.311687,33.0,31.416498
tv80_orig.bench,48.07711,49.0,1.8834484741091728,53.0,51.09906,53.0,51.34449,53.0,51.28908,52.0,51.121544,52.0,50.822403,52.0,50.62287,52.0,50.402084,52.0,50.702057,52.0,50.535027,52.0,50.643974,52.0,50.351532,52.0,50.495087,52.0,50.459785,52.0,50.45288,52.0,50.74417,52.0,50.34749,52.0,50.39132,49.0,48.07711
max_orig.bench,172.16486,173.0,0.48274220898747444,234.0,227.53616,234.0,228.8334,234.0,227.65979,234.0,229.49365,227.0,223.49571,227.0,226.39543,221.0,220.69449,192.0,188.59105,192.0,189.63806,192.0,187.5715,192.0,188.1762,182.0,177.69328,182.0,179.00993,182.0,177.3944,173.0,172.50198,173.0,173.77713,173.0,169.29999,173.0,172.16486
aes_secworks_orig.bench,32.14299,34.0,5.461793765425682,36.0,36.414062,36.0,36.219063,36.0,35.978783,36.0,35.85099,36.0,35.384125,36.0,35.14538,36.0,34.46746,36.0,35.035843,36.0,35.03373,36.0,34.320576,36.0,34.462265,34.0,32.855206,34.0,34.01512,34.0,33.81568,38.0,38.22544,38.0,36.986668,44.0,43.61686,34.0,32.14299
aes_secworks_orig.bench,31.986658,33.0,3.0707329511642456,38.0,37.065315,35.0,33.80431,35.0,33.85965,35.0,33.94055,35.0,33.125557,35.0,33.714382,35.0,33.265926,35.0,33.14608,35.0,33.111458,35.0,33.71829,35.0,33.045654,35.0,32.875587,35.0,33.283203,35.0,33.60222,35.0,33.645355,35.0,33.93125,35.0,33.870483,33.0,31.986658
max_orig.bench,158.99567,171.0,7.020077854394913,234.0,227.53616,234.0,228.53209,234.0,227.96582,234.0,229.23358,227.0,222.81102,227.0,226.16667,221.0,219.96811,192.0,189.12439,192.0,189.68665,192.0,188.5664,192.0,188.47356,182.0,178.88629,182.0,178.8106,182.0,176.62921,178.0,173.21465,178.0,174.24222,178.0,170.58534,171.0,158.99567
max_orig.bench,192.07828,196.0,2.0008787512779236,287.0,289.22708,287.0,290.4097,287.0,290.24503,287.0,289.8664,287.0,289.93866,287.0,289.92493,287.0,290.1912,287.0,288.41034,287.0,287.5654,287.0,290.17014,306.0,308.9365,208.0,206.09793,208.0,206.46507,208.0,204.15692,202.0,200.77919,202.0,200.511,202.0,199.47125,196.0,192.07828
max_orig.bench,162.35739,168.0,3.3586956560611725,287.0,289.53598,234.0,230.507,234.0,229.79121,234.0,230.02917,234.0,226.49677,234.0,228.51523,234.0,226.75763,201.0,192.71112,201.0,193.6659,201.0,192.81845,293.0,294.94632,187.0,186.47438,187.0,186.76144,187.0,185.3175,179.0,179.18707,179.0,179.73334,179.0,179.78845,168.0,162.35739
aes_secworks_orig.bench,31.339062,35.0,10.459823906421661,38.0,37.159454,35.0,33.732563,35.0,34.4617,35.0,33.553864,35.0,32.818756,35.0,33.2747,35.0,33.708694,35.0,33.567577,35.0,33.48298,35.0,33.42598,35.0,33.3766,35.0,32.53624,35.0,32.966732,35.0,33.32806,35.0,33.83216,35.0,32.916687,44.0,42.943558,35.0,31.339062
max_orig.bench,176.85364,186.0,4.91739921271801,287.0,292.1749,287.0,292.18997,287.0,292.00784,287.0,288.7698,243.0,230.93694,243.0,230.93208,243.0,228.77048,206.0,200.82568,206.0,200.40146,206.0,199.81674,206.0,198.03476,201.0,194.67943,201.0,194.76807,201.0,192.85025,194.0,189.25516,194.0,188.89297,194.0,188.28693,186.0,176.85364
aes_secworks_orig.bench,31.393375,33.0,4.868559539318085,38.0,36.51134,35.0,33.81618,35.0,34.845966,35.0,33.725105,35.0,33.07439,35.0,33.02849,35.0,33.882484,35.0,33.16701,35.0,33.94924,35.0,33.420967,35.0,33.383217,35.0,33.583035,35.0,33.58776,35.0,33.16079,35.0,33.486137,35.0,33.245617,43.0,42.16884,33.0,31.393375
aes_secworks_orig.bench,31.673243,33.0,4.020477086305618,38.0,36.303238,38.0,37.168724,37.0,36.906647,37.0,37.058872,35.0,34.587173,35.0,35.007233,35.0,33.24484,35.0,33.443645,35.0,32.85849,35.0,33.33254,35.0,33.124344,35.0,32.5422,35.0,32.538845,35.0,33.28944,35.0,33.433105,35.0,33.79131,43.0,43.420166,33.0,31.673243
max_orig.bench,159.51976,161.0,0.9194036014378071,287.0,287.58063,234.0,230.88608,234.0,230.00446,234.0,229.30951,227.0,224.01823,227.0,226.15509,227.0,224.60028,194.0,192.3176,194.0,193.26906,194.0,191.40866,194.0,190.49722,185.0,180.51584,185.0,182.85281,185.0,180.82193,177.0,175.8045,177.0,175.99625,177.0,174.29648,161.0,159.51976
max_orig.bench,159.0335,171.0,6.997957080602646,234.0,227.53616,234.0,227.72969,234.0,228.61812,234.0,229.58592,227.0,223.971,227.0,226.81708,221.0,221.92981,192.0,188.77974,192.0,189.80188,192.0,188.64827,192.0,188.27795,182.0,178.84274,182.0,178.67581,182.0,176.52393,178.0,173.30066,178.0,174.31015,178.0,172.32748,171.0,159.0335
tv80_orig.bench,47.810513,50.0,4.378974810242653,53.0,51.09906,53.0,51.34449,53.0,51.29644,52.0,51.075294,52.0,50.75347,52.0,50.288376,52.0,50.384163,52.0,50.28341,52.0,50.339386,52.0,50.615456,52.0,50.22298,52.0,50.34706,52.0,50.187035,52.0,50.324936,52.0,50.608215,52.0,50.556877,52.0,50.087093,50.0,47.810513
max_orig.bench,175.4739,185.0,5.1492393016815186,287.0,291.44705,287.0,290.96228,287.0,291.36285,287.0,288.37943,243.0,230.58603,243.0,228.58395,222.0,224.5369,204.0,200.23386,204.0,199.75214,204.0,199.60213,204.0,197.49313,200.0,194.39792,200.0,194.47955,200.0,192.96748,194.0,188.4422,194.0,188.55855,194.0,187.45526,185.0,175.4739
max_orig.bench,169.45549,185.0,8.402437716722488,287.0,290.487,234.0,229.23572,234.0,229.52634,234.0,228.47733,234.0,227.82523,234.0,227.02815,234.0,227.29083,210.0,200.02405,210.0,199.40298,210.0,198.07185,293.0,296.8218,205.0,198.90228,205.0,197.23193,205.0,196.16418,196.0,189.68073,196.0,188.88593,196.0,188.78539,185.0,169.45549
max_orig.bench,166.487,184.0,9.517934918403625,287.0,295.79312,234.0,231.02144,234.0,229.24615,234.0,229.52158,234.0,227.91727,234.0,230.02951,234.0,226.23587,202.0,196.32233,202.0,196.85217,202.0,196.25484,295.0,295.51953,199.0,193.70297,199.0,194.8418,199.0,193.21588,199.0,189.11105,199.0,185.41374,199.0,185.1203,184.0,166.487
tv80_orig.bench,54.65026,53.0,3.1136998906731606,53.0,52.486443,53.0,51.7369,53.0,52.047577,53.0,51.876774,53.0,52.01744,53.0,52.003746,53.0,52.083237,53.0,53.018486,53.0,52.540703,53.0,52.2614,61.0,62.524582,61.0,62.58746,61.0,61.671917,61.0,61.49,61.0,61.23088,61.0,60.32332,62.0,64.53517,53.0,54.65026
aes_secworks_orig.bench,31.523079,33.0,4.475518316030502,38.0,37.159454,35.0,33.732563,35.0,34.4617,35.0,34.0002,35.0,33.211597,35.0,33.807167,35.0,33.548077,35.0,33.399384,35.0,33.553154,35.0,33.51652,35.0,32.790356,35.0,33.1416,35.0,32.891052,35.0,33.51454,35.0,33.66736,35.0,33.036568,42.0,42.49099,33.0,31.523079
max_orig.bench,160.5133,167.0,3.884248062968254,287.0,292.1749,234.0,230.02393,234.0,228.92717,234.0,229.31868,227.0,223.70404,227.0,226.21165,227.0,224.06676,194.0,192.35587,194.0,192.97379,194.0,191.66626,194.0,191.65097,185.0,183.08652,185.0,183.35817,185.0,182.15698,176.0,177.31583,176.0,177.45161,176.0,176.62982,167.0,160.5133
tv80_orig.bench,47.662704,50.0,4.67459112405777,53.0,51.782917,53.0,51.825382,53.0,51.66242,52.0,51.648144,52.0,51.73449,52.0,51.49751,52.0,51.45469,52.0,51.47928,52.0,51.63233,52.0,51.53382,52.0,51.34157,52.0,51.07905,52.0,50.982964,52.0,51.143898,52.0,51.01036,52.0,50.595657,52.0,50.801674,50.0,47.662704
aes_secworks_orig.bench,31.661142,33.0,4.057144373655319,38.0,37.065315,37.0,35.89511,37.0,36.24604,37.0,35.329056,35.0,33.186947,35.0,33.515244,35.0,33.283554,35.0,33.253937,35.0,33.659676,35.0,33.55894,35.0,33.29579,35.0,33.092583,35.0,32.32398,35.0,33.658875,35.0,33.811245,35.0,33.6951,43.0,41.756294,33.0,31.661142
tv80_orig.bench,55.894394,57.0,1.9396597519516945,53.0,52.919945,53.0,52.62816,53.0,52.458466,53.0,51.359352,53.0,51.439247,53.0,51.479618,54.0,54.76423,54.0,55.19571,54.0,55.289597,54.0,53.5459,63.0,64.25201,63.0,63.516277,63.0,62.368004,63.0,62.012203,64.0,63.30119,64.0,61.916515,67.0,66.47965,57.0,55.894394
max_orig.bench,165.68448,171.0,3.108491934835911,234.0,227.53616,234.0,227.99026,234.0,228.97012,234.0,229.45026,227.0,223.38101,227.0,226.21677,221.0,220.5904,192.0,188.90442,192.0,189.5989,192.0,188.50928,192.0,188.22179,192.0,188.42245,192.0,185.51492,192.0,183.98672,183.0,182.05505,183.0,181.03104,183.0,181.25998,171.0,165.68448
max_orig.bench,170.31747,174.0,2.11639404296875,287.0,292.84256,234.0,231.19029,234.0,230.06004,234.0,229.10841,234.0,228.64296,234.0,229.14937,234.0,226.86052,234.0,226.27734,234.0,224.32431,234.0,225.94412,299.0,300.17493,204.0,199.8425,204.0,199.52217,204.0,197.69699,191.0,191.16614,191.0,190.33997,188.0,186.91718,174.0,170.31747
aes_secworks_orig.bench,31.034466,33.0,5.956164374947548,38.0,37.159454,35.0,33.732563,35.0,34.4617,35.0,33.553864,35.0,33.47427,35.0,33.757206,35.0,33.702545,35.0,33.717506,35.0,33.64064,35.0,33.615555,35.0,33.517918,35.0,32.509567,35.0,32.980118,35.0,33.359436,35.0,33.435257,35.0,32.961597,43.0,42.737175,33.0,31.034466
tv80_orig.bench,47.707523,51.0,6.455836445093155,53.0,51.09906,53.0,51.34449,53.0,51.417023,53.0,51.10478,53.0,50.74493,53.0,50.40683,53.0,50.296906,53.0,50.436405,53.0,50.72345,53.0,50.663933,53.0,50.152935,53.0,50.009132,53.0,50.24954,53.0,50.28157,53.0,50.380463,53.0,50.116085,53.0,49.989525,51.0,47.707523
max_orig.bench,157.91003,159.0,0.685513112694025,234.0,227.53616,234.0,227.87819,234.0,228.1995,234.0,229.445,227.0,223.5026,227.0,226.30074,221.0,220.69498,192.0,188.30614,192.0,189.63963,192.0,187.27419,192.0,187.84634,182.0,177.19868,182.0,178.33061,182.0,177.10939,173.0,172.38506,173.0,173.69943,173.0,169.21317,159.0,157.91003
tv80_orig.bench,49.4709,51.0,2.9982322826981544,53.0,52.486443,53.0,51.602745,53.0,50.725224,53.0,51.082603,53.0,51.3423,53.0,51.334167,53.0,51.462807,53.0,51.50718,53.0,51.251877,53.0,51.04165,53.0,50.891396,53.0,50.749928,53.0,51.28378,53.0,51.37858,53.0,51.875237,53.0,51.473793,53.0,50.463585,51.0,49.4709
max_orig.bench,162.42027,174.0,6.655015796422958,287.0,290.7755,234.0,230.55028,234.0,229.59283,234.0,229.03401,234.0,227.31995,234.0,228.7265,234.0,227.07294,202.0,196.66833,202.0,197.24783,202.0,196.67136,202.0,195.48947,188.0,186.37445,188.0,190.9381,188.0,188.91037,184.0,178.95866,184.0,180.03516,184.0,178.87825,174.0,162.42027
max_orig.bench,168.88199,173.0,2.3803533986210823,234.0,227.53616,234.0,225.45142,234.0,226.19577,234.0,226.64392,227.0,221.61397,227.0,223.21144,221.0,219.00745,192.0,187.79172,192.0,188.43918,192.0,185.46375,192.0,187.4354,182.0,178.15549,182.0,178.288,182.0,176.67514,173.0,172.06175,173.0,173.21252,173.0,171.18777,173.0,168.88199
aes_secworks_orig.bench,31.659258,34.0,6.884535402059555,41.0,37.77684,38.0,37.154823,37.0,35.52532,35.0,33.658398,35.0,34.24389,35.0,34.437824,35.0,33.600822,35.0,34.024963,35.0,33.51056,35.0,33.652283,35.0,33.469063,35.0,33.96969,35.0,33.215942,35.0,33.716873,41.0,39.123886,40.0,36.60882,46.0,44.658176,34.0,31.659258
tv80_orig.bench,48.1202,51.0,5.646664649248123,53.0,51.09906,53.0,51.34449,53.0,51.20999,53.0,51.04174,53.0,50.7012,52.0,50.47374,52.0,50.496826,52.0,50.6716,52.0,50.308514,52.0,50.769245,52.0,50.309105,52.0,50.405563,52.0,50.21196,52.0,50.129246,52.0,50.757107,52.0,50.287575,52.0,50.34734,51.0,48.1202
max_orig.bench,191.14429,193.0,0.9615092538297176,287.0,294.55667,234.0,230.8887,234.0,229.47736,234.0,229.17238,234.0,228.41403,234.0,229.30437,234.0,227.54126,202.0,197.31848,202.0,198.23741,202.0,197.91849,292.0,296.69513,292.0,292.46695,292.0,289.96408,292.0,285.4103,243.0,224.9914,243.0,235.23453,237.0,227.97462,193.0,191.14429
max_orig.bench,165.32971,171.0,3.315958008170128,287.0,292.56857,234.0,230.58273,234.0,228.84415,234.0,228.19603,231.0,224.7844,231.0,227.05629,231.0,225.08232,200.0,196.46597,200.0,196.75232,200.0,195.09007,200.0,194.58414,193.0,190.89474,193.0,192.65033,193.0,190.95247,183.0,181.74908,183.0,181.7327,183.0,181.13179,171.0,165.32971
aes_secworks_orig.bench,31.603027,34.0,7.049919664859772,38.0,37.265015,37.0,36.81411,37.0,35.55517,35.0,33.653564,35.0,33.327045,35.0,33.913513,35.0,33.70342,35.0,32.902752,35.0,33.1624,35.0,33.630722,35.0,33.184723,35.0,33.41808,35.0,33.236877,35.0,33.661377,41.0,38.27609,40.0,38.093452,44.0,44.236855,34.0,31.603027
tv80_orig.bench,63.359974,65.0,2.5231171399354935,53.0,52.486443,53.0,51.736904,53.0,51.88459,53.0,51.660484,53.0,51.872475,53.0,51.847603,53.0,51.997307,53.0,52.8636,53.0,52.929375,53.0,52.141502,63.0,62.405655,63.0,63.712772,63.0,63.126015,63.0,61.64001,64.0,62.86776,64.0,63.83957,65.0,64.86472,65.0,63.359974
aes_secworks_orig.bench,31.468548,33.0,4.640763998031616,38.0,36.51134,35.0,33.81618,35.0,34.845966,35.0,33.725105,35.0,33.07439,35.0,33.02849,35.0,33.882484,35.0,33.1158,35.0,33.913353,35.0,33.411125,35.0,33.332256,35.0,33.46257,35.0,33.50951,35.0,33.16892,35.0,33.48626,35.0,33.24227,43.0,41.94745,33.0,31.468548
tv80_orig.bench,54.55773,54.0,1.0328363627195358,53.0,52.486443,53.0,51.736904,53.0,52.047577,53.0,51.876774,53.0,51.970818,53.0,51.85223,53.0,52.0075,53.0,52.986343,53.0,51.997368,53.0,52.87681,62.0,62.733322,62.0,61.437298,62.0,61.184845,62.0,60.30497,62.0,60.337242,62.0,60.71944,63.0,64.33745,54.0,54.55773
max_orig.bench,158.26883,164.0,3.494616225361824,234.0,227.53616,234.0,227.72969,234.0,228.61812,234.0,229.58592,234.0,227.3644,234.0,228.88312,216.0,222.21646,188.0,188.82239,188.0,190.07336,188.0,188.74936,188.0,188.3783,179.0,178.6939,179.0,179.05057,179.0,177.64307,174.0,172.08331,174.0,174.28748,174.0,171.77588,164.0,158.26883
aes_secworks_orig.bench,33.01716,33.0,0.051995477406308055,38.0,35.959606,37.0,36.01183,37.0,36.08204,37.0,35.731968,37.0,35.432373,37.0,35.282516,37.0,34.849545,37.0,34.996788,37.0,34.750813,35.0,33.49066,35.0,34.1585,35.0,33.76114,35.0,34.41086,35.0,34.741943,40.0,38.810272,40.0,38.10195,46.0,44.422493,33.0,33.01716
tv80_orig.bench,54.28553,55.0,1.2990362010896206,53.0,52.919945,53.0,52.62816,53.0,52.458466,53.0,52.056076,53.0,52.18737,53.0,51.99394,54.0,52.80638,54.0,53.450237,54.0,53.246853,54.0,52.014267,62.0,62.93203,62.0,62.07578,62.0,61.088097,62.0,60.664898,62.0,62.201138,62.0,60.36666,66.0,65.07318,55.0,54.28553
max_orig.bench,188.75146,186.0,1.4792821370065212,287.0,292.56857,287.0,293.3085,287.0,293.36417,287.0,291.81754,287.0,292.91553,287.0,291.17648,287.0,291.96545,287.0,292.51965,287.0,290.7594,287.0,291.3895,306.0,308.76132,208.0,206.74847,208.0,206.33435,208.0,205.00922,201.0,199.80637,201.0,199.40508,201.0,199.44998,186.0,188.75146
tv80_orig.bench,49.49302,50.0,1.0139618068933487,53.0,52.486443,53.0,51.60275,53.0,51.934334,52.0,51.449333,52.0,51.629692,52.0,51.64793,52.0,51.771103,52.0,51.737133,52.0,51.628128,52.0,51.42012,52.0,51.214092,52.0,51.127502,52.0,51.092216,52.0,51.810368,52.0,51.370136,52.0,51.31887,52.0,51.196857,50.0,49.49302
max_orig.bench,159.27275,166.0,4.052559658885002,287.0,291.65994,234.0,230.48419,234.0,229.73688,234.0,229.35501,234.0,227.80556,234.0,228.59717,234.0,226.48523,201.0,193.35982,201.0,194.09143,201.0,192.23209,201.0,192.17993,183.0,179.72287,183.0,182.14352,183.0,180.71487,177.0,174.78784,177.0,176.437,177.0,173.41754,166.0,159.27275
aes_secworks_orig.bench,33.486244,35.0,4.325016587972641,38.0,35.959606,37.0,36.01183,37.0,35.501575,37.0,35.776203,37.0,35.35215,37.0,35.199287,37.0,34.57249,37.0,34.569443,37.0,34.57094,35.0,33.427784,35.0,34.08018,35.0,33.728138,35.0,33.879807,35.0,33.95697,40.0,37.7319,40.0,38.077877,40.0,36.063793,35.0,33.486244
max_orig.bench,162.10202,165.0,1.7563514411449432,287.0,293.81958,234.0,229.94624,234.0,228.91959,234.0,228.17938,227.0,223.60641,227.0,224.93597,227.0,224.02138,194.0,192.74284,194.0,193.78587,194.0,192.31648,194.0,191.76219,179.0,180.29306,179.0,183.60341,179.0,181.5473,176.0,177.81277,176.0,177.57394,176.0,172.25883,165.0,162.10202
aes_secworks_orig.bench,31.520542,33.0,4.4832054525613785,38.0,35.959606,38.0,35.845036,35.0,34.410103,35.0,34.93387,35.0,34.402054,35.0,33.73687,35.0,33.41146,35.0,33.475037,35.0,33.41146,35.0,33.936203,35.0,33.40605,35.0,33.044613,35.0,33.290344,35.0,33.729584,35.0,33.831543,35.0,34.198437,43.0,41.67846,33.0,31.520542
max_orig.bench,201.95192,204.0,1.0039609856903553,287.0,291.39456,287.0,292.83078,287.0,292.97644,287.0,293.62732,287.0,293.68484,287.0,293.4374,229.0,222.84477,229.0,223.23148,214.0,216.9194,214.0,219.4621,214.0,220.78899,214.0,223.48149,210.0,211.3917,210.0,210.17642,206.0,207.2314,206.0,208.0166,206.0,204.50537,204.0,201.95192
aes_secworks_orig.bench,31.36142,33.0,4.965394735336304,41.0,37.77684,37.0,35.789825,37.0,35.455685,37.0,35.93063,37.0,34.438313,37.0,34.55809,37.0,34.227592,37.0,34.80841,37.0,34.367905,37.0,35.10859,35.0,33.270306,35.0,33.69329,35.0,33.799393,35.0,34.898438,40.0,38.756912,40.0,36.56231,46.0,44.053722,33.0,31.36142
tv80_orig.bench,47.595,50.0,4.809997603297234,53.0,51.09906,53.0,51.34449,53.0,51.29644,52.0,51.075287,52.0,50.753468,52.0,50.288376,52.0,50.293407,52.0,50.530632,52.0,50.33377,52.0,50.338303,52.0,50.235435,52.0,50.322227,52.0,50.196632,52.0,50.354603,52.0,49.942497,52.0,50.043564,52.0,50.037903,50.0,47.595
aes_secworks_orig.bench,31.248922,34.0,8.091405034065247,37.0,36.88099,36.0,35.906456,36.0,36.428196,36.0,34.96679,36.0,34.608986,36.0,34.65416,36.0,33.91932,36.0,34.518692,36.0,34.40647,36.0,33.98044,36.0,34.12616,35.0,33.23091,35.0,33.95266,35.0,34.295204,40.0,38.223602,40.0,37.11799,46.0,44.59059,34.0,31.248922
tv80_orig.bench,48.0878,50.0,3.824402019381523,53.0,51.09906,53.0,51.34449,53.0,51.28908,52.0,51.121544,52.0,50.822403,52.0,50.622868,52.0,50.402084,52.0,50.702053,52.0,50.535027,52.0,50.643974,52.0,50.785873,52.0,50.602703,52.0,50.504574,52.0,50.508865,52.0,50.782394,52.0,50.358776,52.0,50.370964,50.0,48.0878
aes_secworks_orig.bench,31.500086,33.0,4.545194283127785,38.0,37.159454,35.0,33.732563,35.0,34.4617,35.0,33.70247,35.0,32.95218,35.0,33.740707,35.0,33.368904,35.0,33.47582,35.0,33.421963,35.0,33.572357,35.0,33.040623,35.0,32.969803,35.0,33.02115,35.0,33.496655,35.0,33.79428,35.0,33.18961,43.0,42.428375,33.0,31.500086
tv80_orig.bench,48.20875,50.0,3.5824965685606003,53.0,51.09906,53.0,51.344486,53.0,51.289085,52.0,51.121544,52.0,50.822403,52.0,50.622868,52.0,50.402084,52.0,50.702057,52.0,50.535027,52.0,50.643974,52.0,50.351532,52.0,50.495087,52.0,50.40232,52.0,50.40585,52.0,50.730095,52.0,50.346863,52.0,50.332058,50.0,48.20875
aes_secworks_orig.bench,33.674637,33.0,2.0443540066480637,41.0,36.759132,38.0,36.671486,38.0,36.144196,37.0,36.1714,36.0,34.79432,36.0,34.587124,34.0,34.208992,34.0,33.84446,34.0,33.408676,35.0,34.04261,35.0,34.00824,35.0,34.168243,35.0,33.43785,35.0,33.173645,38.0,39.215443,38.0,39.319336,45.0,46.58513,33.0,33.674637
aes_secworks_orig.bench,31.44099,33.0,4.724271222949028,38.0,36.51134,35.0,33.81618,35.0,34.845966,35.0,33.725105,35.0,33.07439,35.0,33.02849,35.0,33.882484,35.0,33.34006,35.0,33.311115,35.0,33.136795,35.0,33.18674,35.0,33.330177,35.0,33.374313,35.0,33.32212,35.0,33.545364,35.0,33.207703,42.0,41.566513,33.0,31.44099
max_orig.bench,161.61612,167.0,3.2238807529211044,234.0,227.53616,234.0,228.53207,234.0,227.37674,234.0,229.67697,227.0,222.69905,227.0,225.64201,221.0,219.65686,221.0,222.26167,221.0,220.8588,221.0,221.41508,221.0,222.74092,187.0,184.39896,187.0,185.86642,187.0,183.35254,179.0,177.11069,179.0,177.95766,179.0,173.4176,167.0,161.61612
tv80_orig.bench,48.968533,51.0,3.9832696318626404,53.0,51.09906,53.0,51.34449,53.0,51.29644,52.0,51.07529,52.0,50.753468,52.0,50.54461,52.0,50.35585,52.0,50.63924,52.0,50.42701,52.0,50.438454,52.0,50.287113,52.0,50.42755,52.0,50.255104,52.0,50.326103,52.0,50.642662,52.0,50.31745,52.0,50.234962,51.0,48.968533
aes_secworks_orig.bench,31.100569,35.0,11.141232401132584,38.0,37.159454,35.0,33.732563,35.0,34.4617,35.0,33.553864,35.0,32.818756,35.0,33.491024,35.0,33.566006,35.0,33.581604,35.0,33.548294,35.0,33.429787,35.0,33.39942,35.0,32.42532,35.0,32.914867,35.0,33.283165,35.0,33.13801,35.0,33.187294,44.0,42.96117,35.0,31.100569
tv80_orig.bench,48.295197,50.0,3.4096069633960724,53.0,51.09906,53.0,51.34449,53.0,51.554825,53.0,51.146088,53.0,50.674896,53.0,50.407013,53.0,50.433815,53.0,50.63337,53.0,50.45575,53.0,50.4416,53.0,50.34903,53.0,50.410934,53.0,50.360893,53.0,50.617897,53.0,51.287582,53.0,50.43022,53.0,50.449726,50.0,48.295197
max_orig.bench,188.53316,186.0,1.3619125820696354,287.0,293.8196,287.0,293.03537,287.0,293.75974,287.0,293.18896,287.0,292.01334,287.0,291.70963,287.0,292.33646,287.0,291.6497,287.0,292.30298,287.0,292.73328,306.0,309.3732,208.0,206.33716,208.0,206.26599,208.0,205.33997,201.0,200.05351,201.0,199.4165,201.0,197.94136,186.0,188.53316
tv80_orig.bench,48.081123,49.0,1.8752584233880043,53.0,51.09906,53.0,51.34449,53.0,51.29644,52.0,51.075294,52.0,50.549988,52.0,50.353783,52.0,50.17675,52.0,50.42694,52.0,50.26573,52.0,50.33141,52.0,50.186028,52.0,50.128273,52.0,50.15999,52.0,50.3705,52.0,50.18804,52.0,49.765984,52.0,50.06318,49.0,48.081123
max_orig.bench,194.53442,196.0,0.747742922976613,287.0,295.79312,287.0,293.8043,287.0,292.09805,287.0,291.7712,287.0,291.21786,287.0,289.87036,217.0,222.90257,217.0,219.42484,217.0,218.94995,217.0,218.65326,292.0,301.87277,208.0,205.28589,208.0,205.52917,208.0,203.35919,202.0,199.13452,202.0,198.63094,202.0,198.62042,196.0,194.53442
max_orig.bench,158.05377,167.0,5.3570229560136795,234.0,227.53616,234.0,227.72969,234.0,228.61812,234.0,229.58594,227.0,223.971,227.0,225.25371,226.0,222.92854,199.0,188.96066,199.0,190.09824,199.0,188.82861,199.0,188.27238,191.0,178.18256,191.0,178.77798,191.0,177.33133,181.0,172.67136,181.0,173.91263,181.0,171.6278,167.0,158.05377
aes_secworks_orig.bench,31.452835,35.0,10.134756565093994,41.0,37.741352,38.0,37.48193,35.0,33.768578,35.0,33.915333,35.0,34.138634,35.0,33.500008,35.0,33.579483,35.0,33.806023,35.0,34.31237,35.0,33.87735,35.0,33.954834,35.0,33.782608,35.0,33.472694,35.0,33.22873,35.0,33.343304,35.0,32.87917,45.0,41.993217,35.0,31.452835
tv80_orig.bench,47.92549,49.0,2.192874811589718,53.0,51.09906,53.0,51.34449,53.0,51.29644,52.0,51.07529,52.0,50.646805,52.0,50.369713,52.0,50.254066,52.0,50.387486,52.0,50.8002,52.0,50.74318,52.0,50.162895,52.0,50.23329,52.0,50.369987,52.0,50.445454,52.0,50.52719,52.0,50.30765,52.0,50.19738,49.0,47.92549
tv80_orig.bench,48.184067,50.0,3.6318663507699966,53.0,51.09906,53.0,51.34449,53.0,50.959633,53.0,51.02842,53.0,50.539955,53.0,50.29075,53.0,50.21575,53.0,50.48709,53.0,50.43792,53.0,50.30552,53.0,50.2044,53.0,50.26277,53.0,50.21811,53.0,50.44119,53.0,51.03476,53.0,50.2492,53.0,50.335426,50.0,48.184067
aes_secworks_orig.bench,32.066143,33.0,2.8298696503043175,38.0,37.159454,35.0,33.732563,35.0,33.552055,35.0,33.68119,35.0,33.04143,35.0,33.775352,35.0,33.735123,35.0,33.673393,35.0,33.47102,35.0,33.30527,35.0,33.08555,35.0,33.13922,35.0,33.119133,35.0,33.67373,35.0,33.975124,35.0,33.19238,35.0,33.607697,33.0,32.066143
aes_secworks_orig.bench,31.36397,33.0,4.957667365670204,38.0,37.065315,35.0,33.80431,35.0,33.85965,35.0,33.94055,35.0,33.125557,35.0,33.714382,35.0,33.265926,35.0,33.14608,35.0,33.111458,35.0,32.84194,35.0,33.024586,35.0,33.128834,35.0,33.289066,35.0,33.714462,35.0,33.826218,35.0,34.635468,43.0,41.436653,33.0,31.36397
tv80_orig.bench,47.798264,51.0,6.277914345264435,53.0,51.09906,53.0,51.34449,53.0,51.29644,52.0,51.07529,52.0,50.594513,52.0,50.40953,52.0,50.234566,52.0,50.604774,52.0,50.931557,52.0,50.55613,52.0,50.281654,52.0,50.303185,52.0,49.93643,52.0,50.363213,52.0,50.375496,52.0,49.948856,52.0,50.008087,51.0,47.798264
max_orig.bench,194.2861,196.0,0.87443757802248,287.0,287.52612,287.0,290.3559,287.0,290.56772,287.0,290.08597,287.0,291.1088,287.0,284.8196,217.0,223.24777,217.0,220.10547,217.0,220.88683,217.0,218.70096,292.0,301.96115,208.0,205.24402,208.0,205.2514,208.0,203.27095,202.0,199.33661,202.0,199.16757,202.0,198.71773,196.0,194.2861
max_orig.bench,187.99664,185.0,1.6198070719838142,287.0,293.40497,287.0,291.79315,287.0,291.4556,287.0,291.06662,287.0,291.78183,287.0,289.53177,287.0,291.52032,287.0,291.66437,287.0,292.56155,287.0,292.05804,306.0,310.25192,208.0,206.31003,208.0,206.33945,208.0,203.9798,201.0,199.9815,201.0,199.41771,195.0,197.4096,185.0,187.99664
max_orig.bench,159.9918,161.0,0.626207422465086,287.0,291.39456,234.0,229.53314,234.0,227.19408,234.0,227.71878,227.0,223.3977,227.0,224.72287,227.0,223.98927,194.0,193.73611,194.0,193.768,194.0,193.09818,194.0,191.53339,185.0,182.37735,185.0,183.92383,185.0,182.22717,177.0,177.2142,177.0,177.45291,177.0,175.78754,161.0,159.9918
tv80_orig.bench,47.905563,49.0,2.2335441783070564,53.0,51.09906,53.0,51.34449,53.0,51.29644,52.0,51.07529,52.0,50.738174,52.0,50.552216,52.0,50.73072,52.0,50.663895,52.0,50.756283,52.0,50.716557,52.0,50.57751,52.0,50.24034,52.0,50.387375,52.0,50.45862,52.0,50.1307,52.0,50.043015,52.0,49.73564,49.0,47.905563
tv80_orig.bench,48.28027,51.0,5.332804843783379,53.0,51.51177,53.0,51.95739,53.0,52.084114,53.0,51.682053,53.0,51.674877,53.0,51.70284,53.0,51.361618,53.0,51.247627,53.0,51.846924,53.0,51.522907,53.0,51.232452,53.0,51.142605,53.0,51.162598,53.0,51.601135,53.0,51.1276,53.0,51.098564,53.0,51.110035,51.0,48.28027
tv80_orig.bench,55.285713,53.0,4.31266650557518,53.0,52.486443,53.0,51.736904,53.0,52.047573,53.0,51.876774,53.0,50.305515,53.0,52.376274,53.0,52.3943,53.0,53.187263,53.0,52.58828,53.0,51.66011,62.0,62.29471,62.0,60.144474,62.0,60.938152,62.0,60.220436,62.0,60.117916,62.0,61.43441,65.0,64.69599,53.0,55.285713
tv80_orig.bench,47.6601,50.0,4.679802060127258,53.0,51.782913,53.0,51.34154,53.0,51.610863,52.0,51.605587,52.0,51.69899,52.0,51.43939,52.0,51.36169,52.0,51.368973,52.0,51.445618,52.0,51.347427,52.0,50.748398,52.0,51.057777,52.0,50.912483,52.0,51.18811,52.0,51.03581,52.0,50.581604,52.0,51.05822,50.0,47.6601
max_orig.bench,189.40698,196.0,3.3637844026088715,287.0,293.4894,287.0,291.46896,287.0,292.17972,287.0,293.55386,287.0,290.93692,287.0,293.00595,287.0,291.99094,287.0,291.92044,287.0,293.32492,287.0,291.61703,306.0,310.8044,208.0,207.20801,208.0,206.06645,208.0,205.20517,202.0,200.71126,202.0,199.94731,202.0,199.73943,196.0,189.40698
aes_secworks_orig.bench,31.514175,33.0,4.502498731017113,41.0,37.741352,38.0,36.461357,35.0,33.976562,35.0,34.185593,35.0,34.278137,35.0,33.509323,35.0,33.75967,35.0,33.469227,35.0,33.34378,35.0,33.414185,35.0,33.918472,35.0,33.61988,35.0,33.429993,35.0,33.33951,35.0,33.37403,35.0,33.004616,43.0,42.286636,33.0,31.514175
aes_secworks_orig.bench,31.12982,35.0,11.05765774846077,41.0,37.741352,38.0,36.461357,38.0,35.20587,35.0,33.424072,35.0,34.166283,35.0,33.611694,35.0,33.521835,35.0,33.672462,35.0,33.299675,35.0,33.512165,35.0,32.91004,35.0,33.164803,35.0,33.134117,35.0,33.301064,35.0,33.48303,35.0,33.575615,44.0,42.024216,35.0,31.12982
aes_secworks_orig.bench,31.570066,35.0,9.799810498952866,41.0,37.77684,37.0,36.709,37.0,35.349777,35.0,33.700172,35.0,33.243988,35.0,33.84518,35.0,33.68274,35.0,33.295876,35.0,33.669746,35.0,33.796486,35.0,33.603973,35.0,33.754066,35.0,33.53753,35.0,34.131676,40.0,39.78826,40.0,38.45021,44.0,44.077995,35.0,31.570066
tv80_orig.bench,48.020622,49.0,1.9987300038337708,53.0,51.09906,53.0,51.34449,53.0,51.28908,52.0,51.121544,52.0,50.822403,52.0,50.622864,52.0,50.402084,52.0,50.702053,52.0,50.434353,52.0,50.609,52.0,50.321934,52.0,50.487507,52.0,50.32455,52.0,50.37716,52.0,50.741383,52.0,50.44004,52.0,50.37292,49.0,48.020622
aes_secworks_orig.bench,31.53376,35.0,9.903542697429657,38.0,36.51134,35.0,33.81618,35.0,34.962505,35.0,33.61449,35.0,32.9257,35.0,33.386723,35.0,33.68822,35.0,33.515293,35.0,33.96468,35.0,33.2594,35.0,33.35413,35.0,33.979195,35.0,34.777786,35.0,33.72472,35.0,33.8401,35.0,32.84586,44.0,41.84642,35.0,31.53376
max_orig.bench,158.75238,159.0,0.15573562122881413,234.0,227.53616,234.0,228.5321,234.0,226.78748,234.0,227.31274,227.0,222.3399,227.0,224.02475,221.0,219.38873,192.0,188.87411,192.0,189.3622,192.0,188.29987,192.0,188.04074,182.0,178.77637,182.0,178.55261,182.0,177.1245,173.0,172.63914,173.0,173.69627,173.0,169.82118,159.0,158.75238
max_orig.bench,187.35442,195.0,3.9208125323057175,287.0,289.53598,287.0,291.8054,287.0,290.20676,287.0,289.75473,287.0,289.06512,287.0,288.30518,287.0,290.0917,287.0,289.61075,287.0,288.88373,287.0,288.6017,323.0,308.9915,219.0,206.13034,219.0,206.05405,219.0,204.44931,207.0,200.19739,207.0,199.3606,204.0,197.79779,195.0,187.35442
aes_secworks_orig.bench,31.397884,33.0,4.854895919561386,38.0,37.159454,35.0,33.732563,35.0,34.4617,35.0,33.553864,35.0,32.818756,35.0,33.2747,35.0,33.708694,35.0,33.567577,35.0,33.514576,35.0,33.785072,35.0,33.182243,35.0,32.480198,35.0,32.486755,35.0,33.28322,35.0,33.486702,35.0,33.034702,43.0,42.462822,33.0,31.397884
max_orig.bench,158.55542,165.0,3.9058059453964233,234.0,227.53616,234.0,227.72969,234.0,228.36552,234.0,229.57585,227.0,223.88214,227.0,226.72847,221.0,221.8307,192.0,189.19469,192.0,189.76053,192.0,188.23264,192.0,188.29002,182.0,179.22852,182.0,178.6484,182.0,177.2369,173.0,172.67273,173.0,173.08281,173.0,171.29442,165.0,158.55542
aes_secworks_orig.bench,31.433975,34.0,7.547131925821304,38.0,36.51134,35.0,33.81618,35.0,34.414352,35.0,33.751163,35.0,33.062447,35.0,33.25232,35.0,33.923374,35.0,33.8069,35.0,33.093292,35.0,32.960426,35.0,33.056297,35.0,33.201202,35.0,33.801277,35.0,33.72381,35.0,33.911316,35.0,33.803593,43.0,41.717747,34.0,31.433975
max_orig.bench,189.30132,186.0,1.7749007791280746,287.0,293.81958,287.0,293.03537,287.0,293.75974,287.0,293.27682,287.0,292.47952,287.0,292.03537,287.0,292.51138,287.0,292.183,287.0,292.3475,287.0,292.8051,306.0,309.35883,208.0,206.38484,208.0,206.35362,208.0,204.89056,201.0,200.30469,201.0,199.5928,201.0,198.0594,186.0,189.30132
aes_secworks_orig.bench,31.941725,33.0,3.2068945467472076,41.0,36.759132,38.0,36.414753,37.0,35.670357,37.0,36.324593,36.0,34.266804,36.0,34.341805,36.0,33.863308,35.0,33.973255,35.0,32.72021,35.0,32.319736,34.0,31.78503,34.0,31.44619,34.0,32.158092,34.0,32.221252,38.0,34.81421,38.0,33.671852,45.0,45.301018,33.0,31.941725
tv80_orig.bench,48.000328,49.0,2.0401468500494957,53.0,51.09906,53.0,51.34449,53.0,51.29644,52.0,51.07529,52.0,50.549988,52.0,50.353783,52.0,50.17675,52.0,50.42694,52.0,50.431877,52.0,50.32895,52.0,50.156307,52.0,50.156715,52.0,50.257282,52.0,50.411285,52.0,50.22773,52.0,49.829567,52.0,50.21025,49.0,48.000328
max_orig.bench,162.11267,167.0,2.9265442863106728,287.0,291.65994,234.0,230.48419,234.0,228.50165,234.0,227.67001,227.0,223.14175,227.0,222.80249,227.0,222.81665,194.0,192.94339,194.0,193.49867,194.0,191.99692,194.0,191.48544,185.0,181.56102,185.0,184.14821,185.0,182.39037,176.0,177.65193,176.0,177.8215,176.0,176.32309,167.0,162.11267
max_orig.bench,185.01027,185.0,0.005550900095840916,287.0,291.39456,287.0,290.78494,287.0,292.06662,287.0,291.18213,287.0,288.9106,287.0,289.4913,287.0,289.59763,217.0,209.44122,217.0,209.73952,217.0,207.47658,292.0,294.56903,208.0,204.15411,208.0,202.93108,208.0,201.61809,201.0,197.43674,201.0,196.62254,195.0,195.37198,185.0,185.01027
max_orig.bench,171.79892,171.0,0.4672044888138771,287.0,290.7144,234.0,229.97366,234.0,227.25496,234.0,227.6012,227.0,223.40454,227.0,224.60083,227.0,223.60643,194.0,192.61736,194.0,193.69168,194.0,191.81067,194.0,191.48024,194.0,191.19193,194.0,190.66791,194.0,188.69487,186.0,184.0122,186.0,184.19888,186.0,182.03522,171.0,171.79892
tv80_orig.bench,47.66549,49.0,2.7234913781285286,53.0,51.09906,53.0,51.344486,53.0,51.296436,52.0,51.075287,52.0,50.75347,52.0,50.288376,52.0,50.293407,52.0,50.53063,52.0,50.33377,52.0,50.338303,52.0,50.23543,52.0,50.322227,52.0,50.19664,52.0,50.354607,52.0,50.58008,52.0,50.177475,52.0,49.99883,49.0,47.66549
max_orig.bench,164.31221,167.0,1.6094550490379333,287.0,291.44705,234.0,231.0415,234.0,229.74542,234.0,229.51346,227.0,223.6954,227.0,223.19385,221.0,219.90387,221.0,222.98152,221.0,221.11903,221.0,222.66211,221.0,222.48366,187.0,188.65962,187.0,191.04008,187.0,188.91443,179.0,182.4575,179.0,183.01556,179.0,181.50479,167.0,164.31221
aes_secworks_orig.bench,31.233353,35.0,10.761849582195282,38.0,37.065315,35.0,33.80431,35.0,33.85965,35.0,34.48506,35.0,33.12412,35.0,34.058968,35.0,33.36954,35.0,33.56715,35.0,34.26033,35.0,32.68763,35.0,33.082043,35.0,32.528145,35.0,32.273697,35.0,33.626953,35.0,33.788803,35.0,33.23621,43.0,42.44722,35.0,31.233353
max_orig.bench,187.82385,193.0,2.6819417253136635,287.0,293.81958,287.0,293.03537,287.0,291.25284,287.0,294.0064,287.0,292.76913,287.0,291.4101,287.0,292.99374,287.0,292.44003,287.0,291.96698,287.0,293.48065,306.0,309.30704,208.0,206.36389,208.0,206.27313,208.0,205.01855,201.0,200.01773,201.0,201.23193,201.0,199.66344,193.0,187.82385
max_orig.bench,161.3006,168.0,3.987739235162735,287.0,291.65994,234.0,230.48419,234.0,229.98164,234.0,228.93808,234.0,227.89757,234.0,228.16339,234.0,227.23866,201.0,193.63136,201.0,193.98325,201.0,192.99953,191.0,189.24162,181.0,182.44083,181.0,183.80688,181.0,182.36447,178.0,177.36198,178.0,178.306,178.0,177.16312,168.0,161.3006
max_orig.bench,186.97925,186.0,0.5264774430543184,287.0,292.56857,287.0,292.17252,287.0,293.3897,287.0,291.14975,287.0,293.84827,287.0,293.62646,287.0,292.7005,287.0,293.0081,287.0,292.62277,287.0,292.5819,306.0,308.99503,208.0,206.5664,208.0,206.26465,208.0,205.07693,201.0,199.87917,201.0,199.29605,201.0,200.14835,186.0,186.97925
max_orig.bench,158.31679,159.0,0.42969323694705963,234.0,227.53616,234.0,228.5321,234.0,226.78748,234.0,227.31274,227.0,222.3399,227.0,224.02475,221.0,219.38873,192.0,188.87411,192.0,189.3622,192.0,188.29985,192.0,187.74658,182.0,175.34753,182.0,177.72018,182.0,176.42929,173.0,171.9972,173.0,173.14833,173.0,170.40938,159.0,158.31679
aes_secworks_orig.bench,31.502518,35.0,9.992806613445282,41.0,37.77684,39.0,36.235752,39.0,36.754456,37.0,36.039482,37.0,35.023052,37.0,34.713585,37.0,34.574505,37.0,34.423073,37.0,34.704433,37.0,34.385563,37.0,34.679585,36.0,33.41768,36.0,34.406765,36.0,34.02227,36.0,34.56035,36.0,34.54567,43.0,40.8692,35.0,31.502518
max_orig.bench,160.17735,165.0,2.922816388309002,234.0,227.53616,234.0,228.5321,234.0,227.37672,231.0,224.04599,229.0,222.88985,229.0,225.47954,224.0,219.96222,196.0,190.11284,196.0,190.60757,196.0,189.98956,196.0,190.26001,184.0,182.41461,184.0,184.81348,184.0,183.04094,177.0,174.82092,177.0,175.35764,177.0,171.70538,165.0,160.17735
tv80_orig.bench,48.301125,50.0,3.3977508544921875,53.0,51.09906,53.0,51.34449,53.0,51.095142,53.0,50.871475,53.0,50.670525,52.0,50.34238,52.0,51.000347,52.0,50.333126,52.0,50.346077,52.0,50.53981,52.0,50.514534,52.0,50.253006,52.0,50.14258,52.0,50.2097,52.0,50.24756,52.0,50.27887,52.0,50.51806,50.0,48.301125
tv80_orig.bench,47.84125,49.0,2.364793047308922,53.0,51.09906,53.0,51.34449,53.0,51.29644,52.0,51.07529,52.0,50.45687,52.0,50.581528,52.0,50.44233,52.0,50.63872,52.0,50.39675,52.0,50.514465,52.0,50.258125,52.0,50.35003,52.0,50.272713,52.0,50.404427,52.0,50.584717,52.0,50.245827,52.0,50.07659,49.0,47.84125
aes_secworks_orig.bench,31.62577,33.0,4.164331778883934,38.0,35.663834,38.0,36.386795,35.0,33.915367,35.0,34.595493,34.0,34.946404,34.0,34.201756,34.0,33.101357,34.0,33.550217,34.0,33.077095,34.0,33.323387,34.0,33.195076,34.0,33.360355,34.0,34.355278,34.0,33.376324,34.0,33.328957,34.0,33.57682,42.0,42.910336,33.0,31.62577
max_orig.bench,164.16858,171.0,3.994983062148094,287.0,295.79312,234.0,231.02144,234.0,230.23724,234.0,229.2669,234.0,227.726,234.0,229.9075,234.0,225.98969,202.0,194.20253,202.0,194.84875,202.0,193.39908,295.0,292.86526,199.0,188.94475,199.0,190.64058,199.0,189.16579,184.0,182.9889,184.0,182.38239,184.0,182.4495,171.0,164.16858
tv80_orig.bench,49.633034,51.0,2.6803260669112206,53.0,52.486443,53.0,51.736904,53.0,52.185745,53.0,51.752495,53.0,51.912514,53.0,51.528275,53.0,51.7904,53.0,51.34518,53.0,51.600346,53.0,51.75204,53.0,51.48555,53.0,51.47725,53.0,51.446125,53.0,52.353256,53.0,52.248302,53.0,51.50805,53.0,51.791653,51.0,49.633034
tv80_orig.bench,63.400307,64.0,0.9370207786560059,53.0,52.486443,53.0,51.736904,53.0,51.88459,53.0,51.660484,53.0,51.872475,53.0,51.847603,53.0,51.997307,53.0,52.863598,53.0,52.929375,53.0,52.1415,63.0,62.40566,63.0,63.712772,63.0,63.126007,63.0,61.640015,64.0,62.86776,64.0,63.29084,64.0,64.91244,64.0,63.400307
tv80_orig.bench,48.14903,50.0,3.701942414045334,53.0,51.09906,53.0,51.34449,53.0,51.28908,52.0,51.121544,52.0,50.822403,52.0,50.622864,52.0,50.547874,52.0,50.70678,52.0,50.417774,52.0,50.46015,52.0,50.28356,52.0,50.465904,52.0,50.26517,52.0,50.37703,52.0,50.691833,52.0,50.664085,52.0,50.63864,50.0,48.14903
tv80_orig.bench,47.982494,49.0,2.076542191207409,53.0,51.09906,53.0,51.34449,53.0,51.29644,52.0,51.07529,52.0,50.485992,52.0,50.27297,52.0,50.47355,52.0,50.309456,52.0,50.58759,52.0,50.412308,52.0,50.496162,52.0,50.156258,52.0,50.312504,52.0,50.391876,52.0,50.09123,52.0,49.994057,52.0,49.71631,49.0,47.982494
aes_secworks_orig.bench,31.587002,33.0,4.281812906265259,38.0,36.90044,37.0,35.80421,37.0,35.75724,35.0,33.64182,35.0,33.27233,35.0,34.13611,35.0,33.699432,35.0,32.808315,35.0,33.115173,35.0,33.548782,35.0,33.289566,35.0,33.721294,35.0,32.81089,35.0,32.951183,40.0,38.72621,40.0,36.095497,46.0,44.061222,33.0,31.587002
max_orig.bench,160.88297,167.0,3.6628950387239456,287.0,290.5017,234.0,231.83626,234.0,230.57646,234.0,230.48701,227.0,225.25299,227.0,226.42029,227.0,223.66876,194.0,192.42929,194.0,193.65881,194.0,192.05627,194.0,192.05353,185.0,183.31735,185.0,183.65598,185.0,182.81143,176.0,177.75618,176.0,178.02222,176.0,175.22032,167.0,160.88297
tv80_orig.bench,55.03338,55.0,0.060688366647809744,53.0,52.486443,53.0,51.736904,53.0,52.04757,53.0,51.876774,53.0,52.01745,53.0,51.749233,53.0,52.099934,53.0,53.01492,53.0,52.592888,53.0,52.272938,62.0,62.585403,62.0,63.44118,62.0,61.979397,62.0,61.96224,61.0,62.695644,61.0,60.85617,68.0,65.070885,55.0,55.03338
max_orig.bench,185.12123,186.0,0.4724564030766487,287.0,290.487,287.0,290.17157,287.0,291.30972,287.0,290.54138,287.0,290.62616,287.0,289.4015,287.0,289.8046,217.0,210.07465,217.0,208.40535,217.0,208.41995,292.0,295.3662,208.0,205.85867,208.0,204.11595,208.0,202.65042,201.0,197.78375,201.0,197.01724,201.0,197.07104,186.0,185.12123
max_orig.bench,188.73671,201.0,6.101139634847641,287.0,291.39456,287.0,291.4328,287.0,292.51495,287.0,294.87854,287.0,292.58832,287.0,291.28152,287.0,293.84158,287.0,293.79617,287.0,294.0153,287.0,293.652,217.0,208.26848,217.0,206.4283,217.0,205.77942,217.0,204.09674,210.0,200.31844,210.0,199.52159,210.0,198.9324,201.0,188.73671
tv80_orig.bench,48.08389,49.0,1.8696142360568047,53.0,51.09906,53.0,51.34449,53.0,51.29644,52.0,51.07529,52.0,50.594513,52.0,50.56362,52.0,50.219795,52.0,50.62265,52.0,50.864296,52.0,50.329376,52.0,50.213085,52.0,50.17163,52.0,50.428635,52.0,50.449852,52.0,50.3013,52.0,50.1167,52.0,50.18943,49.0,48.08389
aes_secworks_orig.bench,31.464714,34.0,7.456723600625992,37.0,36.583046,37.0,36.502254,35.0,34.016167,35.0,33.31348,35.0,33.935616,35.0,33.42089,35.0,33.534073,35.0,33.32336,35.0,33.338284,35.0,33.305702,35.0,32.606155,35.0,32.665806,35.0,32.846622,35.0,33.074196,35.0,33.137016,35.0,33.163887,43.0,41.99862,34.0,31.464714
tv80_orig.bench,47.59648,50.0,4.807037487626076,53.0,51.09906,53.0,51.344486,53.0,51.29644,52.0,51.075287,52.0,50.595016,52.0,50.381466,52.0,50.55163,52.0,50.63858,52.0,50.716526,52.0,50.67746,52.0,50.065685,52.0,50.153336,52.0,50.30295,52.0,50.157143,52.0,49.92959,52.0,49.70002,52.0,49.786854,50.0,47.59648
aes_secworks_orig.bench,31.289131,35.0,10.602482408285141,38.0,36.303238,35.0,34.090134,35.0,34.656822,35.0,33.69082,35.0,32.97008,35.0,33.477276,34.0,32.608303,34.0,33.351933,34.0,33.072464,34.0,33.45804,34.0,33.021507,34.0,32.660767,34.0,32.60106,34.0,33.447044,34.0,33.41493,34.0,33.05487,45.0,41.66546,35.0,31.289131
aes_secworks_orig.bench,33.055813,33.0,0.16912980936467648,38.0,35.959606,38.0,35.527058,38.0,36.025894,38.0,35.413643,38.0,34.526638,38.0,35.09167,37.0,34.587196,37.0,34.58767,37.0,34.647045,35.0,33.382126,35.0,33.9555,35.0,33.91651,35.0,34.068527,35.0,33.63994,40.0,38.456837,40.0,37.696354,46.0,43.82334,33.0,33.055813
aes_secworks_orig.bench,31.649803,33.0,4.091505706310272,38.0,37.265015,38.0,37.08115,35.0,34.026062,35.0,35.249237,35.0,35.080063,35.0,34.10399,35.0,33.358166,35.0,33.286133,35.0,33.412704,35.0,33.59193,35.0,33.24401,35.0,32.87672,35.0,33.101173,35.0,33.611336,35.0,33.754448,35.0,34.06765,43.0,41.724106,33.0,31.649803
tv80_orig.bench,48.120735,49.0,1.7944179475307465,53.0,51.09906,53.0,51.34449,53.0,51.29644,52.0,51.075287,52.0,50.594513,52.0,50.40953,52.0,50.234566,52.0,50.60478,52.0,50.931557,52.0,50.4084,52.0,50.26043,52.0,50.22641,52.0,50.480133,52.0,50.506012,52.0,50.342537,52.0,50.16353,52.0,50.228363,49.0,48.120735
tv80_orig.bench,47.88284,49.0,2.279919944703579,53.0,51.09906,53.0,51.34449,53.0,51.29644,52.0,51.075287,52.0,50.738174,52.0,50.552216,52.0,50.73072,52.0,50.663895,52.0,50.756283,52.0,50.59796,52.0,50.594646,52.0,50.256996,52.0,50.408997,52.0,50.48201,52.0,50.14039,52.0,50.06387,52.0,49.752033,49.0,47.88284
max_orig.bench,175.54413,177.0,0.8225263096392155,287.0,291.44705,234.0,231.0415,234.0,229.74542,234.0,229.51346,227.0,223.6954,227.0,223.19385,227.0,223.67857,194.0,192.1776,194.0,193.02048,194.0,191.69547,194.0,191.19153,185.0,183.74724,185.0,184.3181,185.0,182.6325,177.0,177.01624,177.0,177.51152,177.0,175.41159,177.0,175.54413
tv80_orig.bench,48.364265,50.0,3.2714691013097763,53.0,51.09906,53.0,51.34449,53.0,51.28908,52.0,51.121544,52.0,50.822403,52.0,50.62287,52.0,50.31832,52.0,50.604454,52.0,50.36983,52.0,50.73628,52.0,50.279957,52.0,50.401245,52.0,50.088333,52.0,50.3029,52.0,50.649437,52.0,50.56517,52.0,50.452988,50.0,48.364265
tv80_orig.bench,48.239273,52.0,7.232166826725006,53.0,50.676468,53.0,50.97027,53.0,50.9631,53.0,51.16336,53.0,50.97068,53.0,50.948368,53.0,50.87799,53.0,50.836456,53.0,51.167953,53.0,51.453346,53.0,50.86364,53.0,50.43776,53.0,50.639862,53.0,50.787716,53.0,50.702866,53.0,50.838654,53.0,51.132057,52.0,48.239273
aes_secworks_orig.bench,31.591927,33.0,4.2668890208005905,41.0,37.741352,38.0,37.48193,35.0,33.768578,35.0,33.915333,35.0,34.188908,35.0,33.601013,35.0,33.37332,35.0,33.343857,35.0,33.42031,35.0,33.609776,35.0,33.527004,35.0,33.289154,35.0,33.35868,35.0,33.605125,35.0,33.700924,35.0,34.154495,43.0,41.784836,33.0,31.591927
max_orig.bench,160.37112,171.0,6.215716898441315,287.0,294.6984,234.0,231.63716,234.0,228.95448,234.0,229.56485,227.0,224.9023,227.0,226.54451,227.0,224.08496,194.0,192.81012,194.0,193.17989,194.0,192.29968,194.0,192.48813,194.0,185.26573,194.0,184.74117,194.0,182.84952,184.0,177.82263,184.0,178.01901,184.0,177.39314,171.0,160.37112
tv80_orig.bench,48.982506,51.0,3.9558708667755127,53.0,51.09906,53.0,51.34449,53.0,51.28908,52.0,51.121544,52.0,50.80799,52.0,50.56932,52.0,50.62622,52.0,50.742218,52.0,50.56642,52.0,50.81359,52.0,50.359272,52.0,50.47013,52.0,50.327194,52.0,50.424984,52.0,50.636917,52.0,50.348614,52.0,50.407005,51.0,48.982506
aes_secworks_orig.bench,31.413563,33.0,4.807385429739952,38.0,35.959606,38.0,35.845036,35.0,34.410103,35.0,34.408474,35.0,34.106018,35.0,33.456623,35.0,33.499104,35.0,33.93203,35.0,33.390648,35.0,33.287838,35.0,33.467743,35.0,33.989185,35.0,33.70453,35.0,33.85022,35.0,33.98484,35.0,34.74379,43.0,42.608143,33.0,31.413563
tv80_orig.bench,63.947292,69.0,7.3227643966674805,53.0,52.919945,53.0,52.62816,53.0,52.458466,53.0,52.056072,53.0,51.792847,53.0,52.32834,54.0,53.355736,54.0,52.509754,54.0,53.568623,54.0,52.982327,64.0,63.42734,64.0,63.23769,64.0,63.246567,66.0,66.6712,66.0,64.68558,66.0,66.93003,69.0,66.00179,69.0,63.947292
tv80_orig.bench,47.797966,50.0,4.4040679931640625,53.0,51.09906,53.0,51.34449,53.0,51.29644,52.0,51.075294,52.0,50.753468,52.0,50.288372,52.0,50.384163,52.0,50.33209,52.0,50.35041,52.0,50.553864,52.0,50.1977,52.0,50.336205,52.0,50.16942,52.0,50.300365,52.0,50.595634,52.0,50.54417,52.0,50.082737,50.0,47.797966
aes_secworks_orig.bench,31.608145,33.0,4.217743128538132,38.0,37.159454,37.0,35.060795,37.0,35.41985,37.0,34.535065,35.0,33.19658,35.0,33.78465,35.0,33.345093,35.0,33.391693,35.0,33.42961,35.0,33.628605,35.0,33.144127,35.0,33.342484,35.0,33.207245,35.0,33.527805,35.0,33.79473,35.0,33.299477,43.0,42.781895,33.0,31.608145
aes_secworks_orig.bench,31.02012,33.0,5.99963441491127,38.0,37.159454,35.0,33.732563,35.0,34.180058,35.0,33.224518,35.0,33.865646,35.0,33.695118,35.0,33.576904,35.0,33.45227,35.0,33.54438,35.0,33.319214,35.0,33.282463,35.0,33.205643,35.0,33.445847,35.0,33.355576,35.0,33.452354,35.0,32.99449,43.0,42.37815,33.0,31.02012
aes_secworks_orig.bench,31.269703,33.0,5.243324488401413,38.0,37.065315,35.0,33.80431,35.0,33.51151,35.0,33.62831,35.0,34.039402,35.0,33.1517,35.0,33.40717,35.0,34.26721,35.0,33.30809,35.0,32.924118,35.0,33.230263,35.0,33.066475,35.0,33.30063,35.0,33.31088,35.0,33.39572,35.0,33.28901,43.0,42.2983,33.0,31.269703
max_orig.bench,162.9458,171.0,4.710058122873306,287.0,290.7144,234.0,229.97366,234.0,227.25496,234.0,228.62605,231.0,224.32785,231.0,226.23032,231.0,224.97913,200.0,196.53004,200.0,195.81671,200.0,195.51302,200.0,194.71814,193.0,190.23297,193.0,191.12653,193.0,188.63324,183.0,180.85791,183.0,180.79646,183.0,177.75084,171.0,162.9458
aes_secworks_orig.bench,31.424965,35.0,10.214386135339737,38.0,37.065315,36.0,36.37372,36.0,34.829727,36.0,34.362198,34.0,33.334984,34.0,33.67136,34.0,33.23827,34.0,33.143013,34.0,33.12876,34.0,33.39829,34.0,33.23941,34.0,33.034355,34.0,33.27931,34.0,33.71779,34.0,33.79117,34.0,33.998497,42.0,42.60239,35.0,31.424965
aes_secworks_orig.bench,32.781395,34.0,3.584132343530655,38.0,35.959606,38.0,35.761063,37.0,36.066185,37.0,35.708996,37.0,35.25564,37.0,35.54444,37.0,35.501984,37.0,35.769512,37.0,35.059635,35.0,33.64544,35.0,33.917213,35.0,32.798435,35.0,33.723976,35.0,33.582855,40.0,37.78429,40.0,37.7484,44.0,44.149567,34.0,32.781395
max_orig.bench,161.75504,159.0,1.7327265813946724,287.0,291.44705,234.0,231.04149,234.0,229.74542,234.0,229.51346,227.0,223.6954,227.0,223.19385,221.0,219.90385,192.0,191.73369,192.0,192.7717,192.0,191.8895,192.0,191.21066,182.0,183.62622,182.0,184.0635,182.0,182.4558,173.0,177.84549,173.0,177.90909,173.0,175.0805,159.0,161.75504
aes_secworks_orig.bench,31.647583,33.0,4.098233208060265,41.0,37.77684,38.0,37.154823,37.0,35.52532,35.0,33.658398,35.0,34.24389,35.0,34.437824,35.0,33.600822,35.0,33.833862,35.0,33.539494,35.0,33.671455,35.0,33.478584,35.0,34.0008,35.0,33.933167,35.0,33.9,40.0,39.625656,40.0,38.38504,46.0,44.86315,33.0,31.647583
aes_secworks_orig.bench,31.202152,33.0,5.4480236023664474,41.0,37.741352,38.0,36.461357,38.0,35.20587,35.0,33.424072,35.0,34.41758,35.0,33.542458,35.0,33.609547,35.0,33.70735,35.0,33.47821,35.0,33.383636,35.0,32.44476,35.0,32.961502,35.0,32.986824,35.0,33.183975,35.0,33.31575,33.0,31.736042,40.0,41.349094,33.0,31.202152
tv80_orig.bench,47.987946,50.0,4.024108871817589,53.0,51.09906,53.0,51.34449,53.0,51.28908,53.0,51.296516,53.0,51.176468,53.0,50.864353,53.0,51.16398,53.0,50.684666,53.0,50.374874,53.0,50.757507,53.0,50.316082,53.0,50.47894,53.0,50.46295,53.0,50.55642,53.0,50.700104,53.0,50.29703,53.0,50.32769,50.0,47.987946
aes_secworks_orig.bench,31.39111,35.0,10.31111553311348,41.0,37.77684,37.0,35.789825,37.0,35.455685,37.0,35.93063,37.0,34.438313,37.0,34.55809,37.0,34.227592,37.0,34.369034,37.0,34.4116,37.0,35.17897,35.0,33.278423,35.0,34.07749,35.0,34.513275,35.0,34.24642,35.0,34.322975,35.0,34.013977,43.0,41.594444,35.0,31.39111
aes_secworks_orig.bench,38.08334,45.0,15.370355546474457,38.0,37.265015,37.0,36.81411,37.0,35.55517,35.0,33.653564,35.0,33.327045,35.0,33.913513,35.0,33.70342,35.0,32.902752,35.0,33.771507,35.0,33.633633,35.0,33.191444,35.0,33.168488,35.0,33.01763,35.0,33.626987,40.0,38.0708,39.0,37.060375,45.0,45.06827,45.0,38.08334
aes_secworks_orig.bench,31.778124,33.0,3.7026550620794296,41.0,36.759132,38.0,36.414753,37.0,35.670357,37.0,36.324593,36.0,34.266804,36.0,34.341805,36.0,33.59424,35.0,34.050327,35.0,32.733948,35.0,32.1031,34.0,31.374306,34.0,31.48398,34.0,32.147453,34.0,32.229828,38.0,34.914974,38.0,33.735855,46.0,45.288902,33.0,31.778124
max_orig.bench,180.60611,180.0,0.3367275698110461,287.0,291.65994,287.0,291.66058,287.0,291.58582,287.0,290.2872,287.0,291.61414,287.0,290.87332,287.0,292.70084,209.0,204.97404,209.0,205.21115,209.0,204.28824,209.0,202.69788,199.0,194.43591,199.0,197.63124,199.0,194.76672,189.0,191.10373,189.0,191.47456,189.0,191.27371,180.0,180.60611
max_orig.bench,158.2625,173.0,8.51878821849823,234.0,227.53616,234.0,228.83339,234.0,228.38448,234.0,229.60443,227.0,224.39206,227.0,226.5976,221.0,222.14236,192.0,188.77318,192.0,189.49011,192.0,187.8822,192.0,188.47684,192.0,179.75116,192.0,179.32715,192.0,177.75266,187.0,172.79825,187.0,174.20361,187.0,169.62576,173.0,158.2625
aes_secworks_orig.bench,31.311365,33.0,5.117075517773628,38.0,37.065315,35.0,33.80431,35.0,33.85965,35.0,33.605263,35.0,32.846497,35.0,33.488956,35.0,33.33033,35.0,33.359276,35.0,33.160843,35.0,33.630344,35.0,33.30657,35.0,33.07241,35.0,33.297897,35.0,33.73515,35.0,33.852337,35.0,34.141403,42.0,42.848713,33.0,31.311365
max_orig.bench,190.10707,196.0,3.006596490740776,287.0,293.81958,287.0,293.03537,287.0,291.25284,287.0,294.0064,287.0,292.76913,287.0,291.4101,287.0,292.99374,287.0,292.44003,287.0,291.96695,287.0,293.48065,306.0,309.30704,208.0,206.36389,208.0,205.76495,208.0,205.07025,202.0,200.76007,202.0,201.27213,202.0,199.39009,196.0,190.10707
tv80_orig.bench,48.01845,51.0,5.846173316240311,53.0,50.87121,53.0,51.666294,53.0,52.11413,53.0,51.643356,53.0,51.55729,53.0,51.34451,53.0,51.44445,53.0,51.242138,53.0,51.52575,53.0,51.37913,53.0,51.10428,53.0,50.66904,53.0,50.99482,53.0,51.04007,53.0,50.942314,53.0,51.064217,53.0,51.40942,51.0,48.01845
max_orig.bench,189.29092,186.0,1.7693139612674713,287.0,291.39456,287.0,291.4328,287.0,292.51495,287.0,292.94046,287.0,290.73676,287.0,290.91953,287.0,292.7682,287.0,293.16025,287.0,293.6841,287.0,293.28354,306.0,308.8962,208.0,207.38882,208.0,206.53215,208.0,205.26392,201.0,200.22507,201.0,199.79193,201.0,199.02637,186.0,189.29092
tv80_orig.bench,48.11566,49.0,1.8047722056508064,53.0,51.09906,53.0,51.34449,53.0,51.28908,52.0,51.121544,52.0,50.822403,52.0,50.62287,52.0,50.31832,52.0,50.604454,52.0,50.36983,52.0,50.73628,52.0,50.279957,52.0,50.401245,52.0,50.262585,52.0,50.40139,52.0,50.635086,52.0,50.625668,52.0,50.543465,49.0,48.11566
aes_secworks_orig.bench,31.857956,33.0,3.460739552974701,41.0,38.42709,41.0,37.564026,41.0,37.03869,39.0,35.604633,37.0,35.00463,37.0,34.976345,37.0,34.280964,37.0,34.547512,37.0,34.27053,37.0,34.069054,37.0,34.167953,37.0,34.050392,37.0,33.556732,37.0,34.810326,41.0,38.21346,41.0,37.17772,45.0,44.95707,33.0,31.857956
tv80_orig.bench,62.033863,66.0,6.00929856300354,53.0,52.919945,53.0,52.62816,53.0,52.45847,53.0,52.056072,53.0,52.187374,53.0,51.99394,54.0,52.80638,54.0,53.450237,54.0,53.246853,54.0,52.014267,62.0,62.932026,62.0,62.075783,62.0,61.088097,62.0,60.664898,62.0,62.201138,62.0,60.36666,66.0,65.07318,66.0,62.033863
aes_secworks_orig.bench,31.783415,33.0,3.6866217851638794,38.0,36.303238,38.0,36.448074,38.0,36.929848,38.0,36.101513,38.0,35.632996,38.0,35.350845,38.0,34.767426,37.0,34.722153,37.0,35.070927,37.0,34.966286,36.0,31.232822,34.0,32.00583,34.0,32.944458,34.0,33.211964,38.0,34.64943,38.0,33.91801,44.0,45.474537,33.0,31.783415
tv80_orig.bench,48.790337,51.0,4.33267317712307,53.0,51.09906,53.0,51.344486,53.0,51.29644,52.0,51.075287,52.0,50.753468,52.0,50.288376,52.0,50.293407,52.0,50.530632,52.0,50.33377,52.0,50.338303,52.0,50.235435,52.0,50.322227,52.0,50.196636,52.0,50.427433,52.0,50.52132,52.0,50.22554,52.0,50.342842,51.0,48.790337
aes_secworks_orig.bench,31.640432,33.0,4.119902104139328,38.0,35.663834,38.0,36.386795,35.0,33.915367,35.0,33.59092,35.0,34.420425,35.0,34.458042,35.0,33.67787,35.0,33.701786,35.0,33.17122,35.0,33.37112,35.0,33.25773,35.0,33.55291,35.0,34.323875,35.0,33.51297,35.0,33.53965,35.0,33.92224,43.0,42.984695,33.0,31.640432
max_orig.bench,162.09131,173.0,6.305602192878723,287.0,291.44705,234.0,231.0415,234.0,229.74542,234.0,229.51346,227.0,223.6954,227.0,223.19385,221.0,219.90385,192.0,191.73367,192.0,192.55255,192.0,192.49794,192.0,191.77286,192.0,185.4747,192.0,184.89679,192.0,183.24611,187.0,178.28384,187.0,178.36496,187.0,175.43515,173.0,162.09131
max_orig.bench,164.4682,171.0,3.8197655230760574,234.0,227.53616,234.0,227.72969,234.0,229.01634,234.0,229.80193,227.0,224.04686,227.0,226.88498,221.0,222.11911,192.0,189.1196,192.0,189.8641,192.0,188.46878,192.0,188.41959,192.0,187.36792,192.0,186.2297,192.0,184.42882,183.0,180.74841,183.0,180.08942,183.0,180.79065,171.0,164.4682
max_orig.bench,158.70004,159.0,0.18865237943828106,234.0,227.53616,234.0,228.53209,234.0,227.37672,234.0,229.67697,227.0,222.69905,227.0,225.64201,221.0,219.65686,192.0,189.0986,192.0,189.81879,192.0,188.94485,192.0,188.95834,182.0,179.00012,182.0,179.52287,182.0,177.98091,173.0,173.01758,173.0,174.35951,173.0,171.93335,159.0,158.70004
max_orig.bench,167.02539,171.0,2.324333041906357,234.0,227.53616,234.0,228.8334,234.0,229.31546,234.0,229.45425,227.0,223.29651,227.0,226.35515,221.0,220.88042,192.0,188.43793,192.0,189.62547,192.0,187.47849,192.0,188.07564,192.0,186.7923,192.0,186.15356,192.0,184.38235,183.0,181.99689,183.0,180.35759,183.0,178.6077,171.0,167.02539
aes_secworks_orig.bench,31.374346,33.0,4.926224797964096,38.0,35.959606,38.0,36.369114,38.0,36.173744,38.0,35.670937,38.0,35.038918,38.0,35.2516,37.0,34.703186,37.0,34.526745,37.0,34.64737,35.0,33.345787,35.0,34.182213,35.0,34.11093,35.0,33.907867,35.0,34.312305,40.0,39.595963,40.0,37.56893,46.0,44.403694,33.0,31.374346
aes_secworks_orig.bench,31.648624,33.0,4.0950775146484375,41.0,37.77684,37.0,35.789825,37.0,35.520424,36.0,35.014828,36.0,34.78313,36.0,34.707214,36.0,34.21231,36.0,34.34304,36.0,34.384567,36.0,34.239277,36.0,34.312305,36.0,33.87243,36.0,33.592827,36.0,34.46299,41.0,38.1112,41.0,37.699646,46.0,44.418056,33.0,31.648624
tv80_orig.bench,47.855045,50.0,4.289909452199936,53.0,51.782917,53.0,51.341545,53.0,51.610863,52.0,51.605583,52.0,51.56588,52.0,51.438904,52.0,51.415894,52.0,51.468002,52.0,51.356323,52.0,51.33113,52.0,50.925995,52.0,50.949234,52.0,50.96096,52.0,51.448666,52.0,51.237778,52.0,51.049995,52.0,50.319447,50.0,47.855045
aes_secworks_orig.bench,31.400517,35.0,10.284238308668137,38.0,35.959606,36.0,34.95017,36.0,35.243984,36.0,35.376156,36.0,34.817177,36.0,34.844086,36.0,34.739014,36.0,34.485664,36.0,34.390717,34.0,33.473866,34.0,34.042442,34.0,33.894638,34.0,34.03187,34.0,34.30832,34.0,34.44533,34.0,34.27278,43.0,41.954865,35.0,31.400517
aes_secworks_orig.bench,31.508663,33.0,4.519202560186386,38.0,35.959606,38.0,35.845036,35.0,34.410103,35.0,34.93387,35.0,34.88922,35.0,33.944393,35.0,33.463936,35.0,33.489277,35.0,33.59865,35.0,33.743065,35.0,33.43374,35.0,33.105373,35.0,33.342247,35.0,33.803776,35.0,33.913754,35.0,34.13078,43.0,41.597847,33.0,31.508663
max_orig.bench,168.29767,171.0,1.5803107991814613,287.0,293.81958,234.0,229.94626,234.0,228.91959,234.0,228.17937,227.0,223.6064,227.0,224.93594,227.0,224.02138,194.0,192.74284,194.0,193.78587,194.0,192.31648,194.0,191.76219,194.0,190.05936,194.0,188.88739,194.0,187.51874,186.0,183.4967,186.0,183.93723,186.0,177.48651,171.0,168.29767
tv80_orig.bench,48.557495,50.0,2.8850097209215164,53.0,51.09906,53.0,51.344486,53.0,51.289085,53.0,51.244946,53.0,51.220604,53.0,50.94053,53.0,50.992016,53.0,50.815125,53.0,50.553154,53.0,51.2088,53.0,50.41753,53.0,50.612274,53.0,50.550484,53.0,50.78955,53.0,50.858875,53.0,50.522617,53.0,50.671883,50.0,48.557495
aes_secworks_orig.bench,31.101774,35.0,11.137787997722626,38.0,36.303238,35.0,34.090134,35.0,33.88695,35.0,34.1448,35.0,33.174004,35.0,33.8474,35.0,33.59662,35.0,33.501427,35.0,32.94921,35.0,33.34582,35.0,33.21025,35.0,32.6896,35.0,32.597946,35.0,33.44967,35.0,33.642937,35.0,33.11901,43.0,42.30849,35.0,31.101774
tv80_orig.bench,47.73984,49.0,2.571752108633518,53.0,51.09906,53.0,51.34449,53.0,51.29644,52.0,51.075294,52.0,50.74539,52.0,50.427822,52.0,50.476734,52.0,50.254417,52.0,50.31083,52.0,50.81171,52.0,50.643757,52.0,50.212845,52.0,49.999737,52.0,50.20694,52.0,49.98491,52.0,49.68969,52.0,50.00035,49.0,47.73984
max_orig.bench,175.83972,177.0,0.6555244792252779,287.0,291.39456,234.0,229.53314,234.0,229.30573,234.0,228.5979,227.0,223.6514,227.0,225.59348,227.0,223.5123,194.0,193.26291,194.0,193.61636,194.0,192.26689,194.0,192.0635,185.0,183.94931,185.0,185.12672,185.0,183.37698,177.0,178.25372,177.0,178.40488,177.0,175.55301,177.0,175.83972
max_orig.bench,189.02069,217.0,12.893690168857574,287.0,293.40497,287.0,291.79315,287.0,291.4556,287.0,291.06662,287.0,291.78183,287.0,289.53177,287.0,291.52032,287.0,291.66437,287.0,292.56152,287.0,292.05804,287.0,286.19348,233.0,207.28604,233.0,206.55624,233.0,203.7952,226.0,200.79001,226.0,199.8241,222.0,197.28236,217.0,189.02069
tv80_orig.bench,57.73192,59.0,2.1492909640073776,53.0,52.45282,53.0,52.483196,53.0,52.272255,53.0,52.41007,53.0,52.173477,53.0,52.644386,54.0,53.768917,54.0,52.95174,54.0,53.8562,54.0,53.144028,64.0,64.33108,64.0,64.43641,64.0,64.181366,66.0,67.01947,66.0,65.63448,66.0,67.40789,67.0,66.88517,59.0,57.73192
max_orig.bench,162.06335,167.0,2.956075221300125,287.0,292.56857,234.0,230.58273,234.0,228.8353,234.0,229.79842,227.0,224.6704,227.0,226.35588,227.0,225.66614,194.0,193.23312,194.0,194.27832,194.0,192.61987,194.0,192.50296,185.0,184.5098,185.0,184.90146,185.0,183.19165,177.0,178.37814,177.0,178.86505,177.0,177.328,167.0,162.06335
max_orig.bench,159.79877,166.0,3.7356823682785034,287.0,291.39456,234.0,229.53314,234.0,228.84224,234.0,228.3268,234.0,227.80103,234.0,227.3174,234.0,225.15532,201.0,193.31885,201.0,193.50941,201.0,192.18573,201.0,191.51535,187.0,183.39668,187.0,183.62018,187.0,181.79709,179.0,175.69698,179.0,176.71652,179.0,175.04852,166.0,159.79877
max_orig.bench,195.18393,208.0,6.16157241165638,287.0,293.81958,287.0,293.75958,287.0,292.3654,287.0,293.16504,287.0,292.83307,287.0,290.93985,287.0,293.09232,287.0,291.5711,287.0,291.14835,287.0,292.68234,306.0,309.6206,208.0,206.52066,208.0,206.70534,208.0,204.47882,208.0,202.798,208.0,202.94177,208.0,200.83023,208.0,195.18393
max_orig.bench,162.93475,167.0,2.4342793971300125,287.0,291.44705,234.0,231.04149,234.0,229.74542,234.0,228.94489,231.0,224.83078,231.0,227.12929,225.0,221.61658,198.0,195.42555,198.0,196.069,198.0,194.1945,198.0,194.17172,187.0,189.98222,187.0,191.86082,187.0,190.16635,180.0,181.21365,180.0,181.00662,180.0,179.4617,167.0,162.93475
aes_secworks_orig.bench,32.659897,35.0,6.686008721590042,41.0,37.77684,37.0,35.789825,37.0,36.1532,37.0,35.001526,36.0,34.224453,36.0,34.4729,36.0,34.00348,36.0,34.10535,36.0,34.16044,36.0,34.118202,36.0,33.86416,36.0,34.241314,36.0,33.790478,36.0,34.610783,41.0,40.042194,41.0,37.543594,41.0,37.34887,35.0,32.659897
tv80_orig.bench,48.237007,50.0,3.5259857773780823,53.0,51.09906,53.0,51.34449,53.0,51.28908,52.0,51.121544,52.0,50.639687,52.0,50.381386,52.0,50.398933,52.0,50.708336,52.0,50.47914,52.0,50.597397,52.0,50.346222,52.0,50.475,52.0,50.306282,52.0,50.45226,52.0,50.025215,52.0,50.273643,52.0,50.308113,50.0,48.237007
aes_secworks_orig.bench,31.75483,33.0,3.773244097828865,38.0,36.303238,38.0,36.448074,37.0,35.561638,37.0,35.55977,37.0,34.861496,37.0,35.302654,37.0,34.5048,37.0,34.810173,37.0,34.792633,37.0,35.050365,36.0,31.106186,34.0,32.008953,34.0,33.008408,34.0,32.995983,38.0,34.469055,38.0,33.915985,46.0,45.19284,33.0,31.75483
tv80_orig.bench,47.71974,51.0,6.431879103183746,53.0,51.09906,53.0,50.760998,53.0,51.133427,53.0,50.89131,53.0,50.528053,53.0,50.36013,53.0,50.161766,53.0,50.521896,53.0,50.367077,53.0,50.32789,53.0,50.1295,53.0,50.265835,53.0,50.098347,53.0,50.152496,53.0,50.4752,53.0,50.103897,53.0,50.07619,51.0,47.71974
aes_secworks_orig.bench,31.328909,33.0,5.063912272453308,41.0,37.741352,38.0,37.48193,35.0,33.768578,35.0,33.915333,35.0,34.138634,35.0,33.500008,35.0,33.297325,35.0,33.602802,35.0,33.536953,35.0,33.205215,35.0,33.623486,35.0,33.33773,35.0,33.187515,35.0,33.13936,35.0,33.17486,35.0,32.905006,43.0,42.042202,33.0,31.328909
aes_secworks_orig.bench,33.327065,33.0,0.9911045432090759,38.0,37.159454,38.0,33.903976,38.0,34.24215,38.0,33.894455,36.0,34.043205,36.0,34.439983,36.0,34.83378,36.0,34.367233,36.0,34.14362,36.0,35.22754,36.0,34.811855,36.0,34.16545,36.0,34.29975,36.0,34.68148,36.0,34.869003,36.0,34.503403,45.0,47.626564,33.0,33.327065
max_orig.bench,171.05885,174.0,1.6903143376111984,287.0,292.56857,234.0,230.58273,234.0,229.77316,231.0,226.31958,231.0,227.7658,231.0,227.95703,231.0,225.45349,200.0,196.10254,200.0,196.35736,200.0,196.36935,291.0,295.1435,200.0,196.06805,200.0,196.32137,200.0,194.02414,189.0,188.53482,189.0,188.29863,189.0,188.8929,174.0,171.05885
max_orig.bench,161.98448,167.0,3.0033042654395103,234.0,227.53616,234.0,226.50105,234.0,229.21472,234.0,228.23691,227.0,222.54181,227.0,224.7441,221.0,219.31644,221.0,222.24364,221.0,220.0834,221.0,221.82697,221.0,222.75986,187.0,184.56433,187.0,184.89398,187.0,182.57718,179.0,176.9049,179.0,177.72676,179.0,176.00206,167.0,161.98448
aes_secworks_orig.bench,31.31836,35.0,10.51897332072258,38.0,36.51134,35.0,33.81618,35.0,34.414352,35.0,33.751163,35.0,33.062447,35.0,33.81687,35.0,33.822357,35.0,33.14051,35.0,33.19655,35.0,32.77105,35.0,33.032265,35.0,33.19216,35.0,33.756454,35.0,33.78186,35.0,33.899765,35.0,33.33885,43.0,42.04662,35.0,31.31836
aes_secworks_orig.bench,31.494007,33.0,4.563614726066589,38.0,37.065315,35.0,33.80431,35.0,34.67657,35.0,33.763485,35.0,33.019913,35.0,33.28205,35.0,33.270218,35.0,33.124496,35.0,33.592197,35.0,33.446648,35.0,33.254032,35.0,32.96258,35.0,32.25455,35.0,33.51809,35.0,33.737823,35.0,33.6026,42.0,41.74064,33.0,31.494007
tv80_orig.bench,50.72908,52.0,2.4440765380859375,53.0,51.782917,53.0,51.825382,53.0,51.662415,52.0,51.648144,52.0,51.714897,52.0,51.477543,52.0,51.28153,52.0,51.5736,52.0,51.71871,52.0,51.563206,52.0,51.38257,52.0,51.127373,52.0,51.066063,52.0,51.156948,52.0,51.01225,52.0,50.625774,52.0,50.831326,52.0,50.72908
aes_secworks_orig.bench,31.441055,33.0,4.724074900150299,38.0,36.51134,35.0,33.81618,35.0,34.845966,35.0,33.725105,35.0,33.07439,35.0,33.02849,35.0,33.882484,35.0,33.16701,35.0,33.274605,35.0,33.47994,35.0,33.033524,35.0,33.382065,35.0,33.428314,35.0,33.188087,35.0,33.379158,35.0,33.077354,43.0,41.683083,33.0,31.441055
aes_secworks_orig.bench,31.149353,33.0,5.608021095395088,38.0,36.303238,35.0,34.090134,35.0,34.656822,35.0,33.69082,35.0,34.410416,35.0,33.57061,35.0,33.729668,35.0,33.875885,35.0,33.577217,35.0,33.752182,35.0,33.389046,35.0,32.733475,35.0,32.330853,35.0,33.277935,35.0,33.430733,35.0,33.193527,43.0,42.210564,33.0,31.149353
max_orig.bench,174.6236,178.0,1.8968559801578522,287.0,292.84256,234.0,231.19028,210.0,204.88324,210.0,202.45512,210.0,201.83469,210.0,199.66336,210.0,198.2619,200.0,193.8372,200.0,195.67583,200.0,195.23651,298.0,289.03238,204.0,195.89029,204.0,195.37482,204.0,194.80318,193.0,189.73456,193.0,189.0426,188.0,186.34735,178.0,174.6236
tv80_orig.bench,55.066704,54.0,1.9753774628043175,53.0,52.486443,53.0,51.736904,53.0,51.88459,53.0,51.660484,53.0,51.721603,53.0,51.765358,53.0,51.959908,53.0,52.7893,53.0,52.80019,53.0,52.12847,63.0,62.316322,63.0,62.01729,63.0,62.26916,61.0,61.256104,61.0,61.91725,61.0,62.207123,61.0,62.17984,54.0,55.066704
max_orig.bench,161.06949,167.0,3.55120450258255,287.0,294.69836,234.0,231.63716,234.0,228.49539,234.0,229.46396,227.0,224.61798,227.0,225.01917,227.0,223.8485,199.0,193.72256,199.0,193.98517,199.0,192.2876,199.0,192.3558,186.0,184.36868,186.0,184.3394,186.0,182.63171,178.0,177.76355,178.0,177.90897,178.0,176.52493,167.0,161.06949
tv80_orig.bench,47.76793,50.0,4.464142024517059,53.0,51.09906,53.0,51.34449,53.0,51.28908,52.0,51.121544,52.0,50.53554,52.0,50.633617,52.0,50.383865,52.0,50.755676,52.0,50.564053,52.0,50.65493,52.0,50.324028,52.0,50.4953,52.0,50.417458,52.0,50.41764,52.0,50.71245,52.0,50.308685,52.0,50.32392,50.0,47.76793
tv80_orig.bench,48.542862,51.0,4.8179179430007935,53.0,51.09906,53.0,51.34449,53.0,51.29644,52.0,51.075287,52.0,50.646805,52.0,50.369713,52.0,50.254066,52.0,50.38748,52.0,50.800198,52.0,50.74318,52.0,50.162895,52.0,50.23329,52.0,50.42176,52.0,50.322853,52.0,50.50488,52.0,50.292694,52.0,50.239113,51.0,48.542862
max_orig.bench,158.05075,164.0,3.627590835094452,234.0,227.53616,234.0,228.5321,234.0,227.37672,234.0,229.67697,234.0,228.70444,234.0,229.04248,216.0,220.33707,188.0,189.41263,188.0,190.17392,188.0,188.15482,188.0,188.74243,179.0,178.14203,179.0,179.71179,179.0,178.1373,174.0,172.11038,174.0,174.3649,174.0,170.05844,164.0,158.05075
max_orig.bench,201.23073,222.0,9.35552790760994,287.0,289.22708,287.0,291.67432,287.0,290.86414,287.0,290.73203,287.0,290.02496,287.0,289.24713,287.0,290.90976,287.0,290.29904,287.0,290.44238,287.0,289.1613,306.0,308.91284,306.0,302.27628,305.0,300.2982,305.0,297.63965,258.0,257.39697,258.0,270.1177,250.0,259.94858,222.0,201.23073
tv80_orig.bench,47.860886,50.0,4.278228804469109,53.0,51.782917,53.0,51.341537,53.0,51.610863,52.0,51.605587,52.0,51.565876,52.0,51.438904,52.0,51.382774,52.0,51.407345,52.0,51.318436,52.0,51.305626,52.0,50.902042,52.0,50.933388,52.0,50.950005,52.0,51.41278,52.0,51.24787,52.0,51.043167,52.0,50.308548,50.0,47.860886
max_orig.bench,196.05353,196.0,0.02731011772993952,287.0,295.79312,287.0,292.58694,287.0,291.03214,287.0,290.77957,287.0,289.91464,287.0,291.37238,287.0,290.45688,287.0,287.10947,287.0,288.66025,287.0,290.4715,306.0,307.6559,208.0,206.05243,208.0,206.49374,208.0,204.73239,202.0,200.76688,202.0,200.43896,202.0,199.80432,196.0,196.05353
max_orig.bench,198.65164,203.0,2.142048440873623,287.0,291.39456,287.0,292.83078,287.0,291.47348,287.0,291.8676,287.0,292.5148,287.0,292.67383,229.0,222.81836,229.0,222.72702,214.0,216.8512,214.0,216.00064,297.0,302.67242,297.0,297.42712,209.0,211.18034,209.0,208.63622,205.0,205.02328,205.0,202.23006,205.0,203.16388,203.0,198.65164
max_orig.bench,168.65387,174.0,3.0724886804819107,287.0,289.22708,234.0,230.05174,234.0,228.43881,234.0,226.72891,234.0,228.43558,234.0,227.99095,234.0,226.15475,202.0,195.86426,202.0,195.84245,202.0,194.49478,292.0,295.72153,202.0,194.56497,202.0,194.57144,202.0,193.09457,190.0,188.05045,190.0,187.00449,187.0,183.6477,174.0,168.65387
max_orig.bench,187.52856,196.0,4.32216115295887,287.0,289.22708,287.0,291.67435,287.0,290.86414,287.0,290.73203,287.0,290.02496,287.0,289.24713,287.0,290.90976,287.0,290.29904,287.0,290.9205,287.0,290.15878,306.0,308.9739,208.0,205.98474,208.0,205.8979,208.0,203.74841,202.0,200.58331,202.0,199.63766,202.0,197.68874,196.0,187.52856
max_orig.bench,158.78326,164.0,3.180936351418495,234.0,227.53616,234.0,229.55095,234.0,228.6178,234.0,229.60335,234.0,228.0886,234.0,228.86275,216.0,221.2402,188.0,189.35576,188.0,190.02489,188.0,189.03076,188.0,188.62576,179.0,179.035,179.0,179.07385,179.0,177.5087,174.0,172.54153,174.0,174.04536,174.0,170.18936,164.0,158.78326
max_orig.bench,189.11212,186.0,1.6731835901737213,287.0,291.39456,287.0,291.43277,287.0,291.69824,287.0,291.0145,287.0,289.51205,287.0,289.56644,287.0,291.18582,287.0,288.95102,287.0,287.8126,287.0,285.8704,306.0,309.8264,208.0,207.53445,208.0,206.43237,208.0,204.99268,201.0,200.06839,201.0,199.62482,186.0,190.59312,186.0,189.11212
tv80_orig.bench,48.81069,51.0,4.2927611619234085,53.0,51.09906,53.0,51.34449,53.0,51.28908,52.0,51.121544,52.0,50.639687,52.0,50.38139,52.0,50.398933,52.0,50.708336,52.0,50.47914,52.0,50.597397,52.0,50.346222,52.0,50.475,52.0,50.306286,52.0,50.218002,52.0,50.577793,52.0,50.248,52.0,50.32792,51.0,48.81069
aes_secworks_orig.bench,32.220676,33.0,2.3615866899490356,38.0,36.51134,35.0,33.81618,35.0,34.845966,35.0,33.725105,35.0,34.077534,35.0,33.136063,35.0,33.91152,35.0,33.191257,35.0,33.95005,35.0,33.479027,35.0,33.54104,35.0,33.72573,35.0,33.7345,35.0,33.218853,35.0,33.445457,35.0,33.272743,35.0,33.998253,33.0,32.220676
max_orig.bench,185.63629,197.0,5.76837994158268,287.0,293.4894,287.0,292.22253,287.0,292.05444,287.0,291.7257,287.0,291.6438,287.0,291.5605,287.0,292.61682,287.0,292.74063,287.0,291.98407,287.0,291.37567,306.0,310.36404,208.0,206.59277,208.0,206.32384,208.0,205.13257,208.0,201.93439,208.0,198.4797,208.0,198.73184,197.0,185.63629
max_orig.bench,168.89316,174.0,2.9349666088819504,287.0,293.88568,234.0,230.46516,234.0,229.57875,234.0,228.7877,234.0,228.8945,234.0,228.18549,234.0,226.9364,202.0,197.28027,202.0,197.0441,202.0,196.28983,292.0,296.72952,202.0,196.495,202.0,195.9791,202.0,195.01721,190.0,189.03981,190.0,187.93988,187.0,184.55388,174.0,168.89316
aes_secworks_orig.bench,31.401724,35.0,10.28078868985176,38.0,35.959606,36.0,34.95017,36.0,35.243984,36.0,34.97695,36.0,34.75472,36.0,34.935043,36.0,34.9022,36.0,34.73264,36.0,34.537304,34.0,33.553116,34.0,33.73567,34.0,32.777122,34.0,33.59503,34.0,34.208065,34.0,34.121128,34.0,35.012794,43.0,41.726395,35.0,31.401724
tv80_orig.bench,47.890533,49.0,2.264217473566532,53.0,51.09906,53.0,51.34449,53.0,51.29644,52.0,51.075294,52.0,50.74539,52.0,50.427822,52.0,51.058327,52.0,50.35228,52.0,50.370316,52.0,50.612343,52.0,50.551327,52.0,50.251545,52.0,50.078514,52.0,50.209812,52.0,50.036785,52.0,49.749588,52.0,50.037483,49.0,47.890533
aes_secworks_orig.bench,31.320168,35.0,10.513807088136673,38.0,37.065315,35.0,33.80431,35.0,33.85965,35.0,33.94055,35.0,33.125557,35.0,33.3819,35.0,33.348186,35.0,33.417595,35.0,33.5923,35.0,33.90962,35.0,33.444935,35.0,33.09546,35.0,32.302372,35.0,33.04466,35.0,33.803513,35.0,33.793884,43.0,42.13286,35.0,31.320168
max_orig.bench,170.02289,175.0,2.844063937664032,287.0,291.39456,234.0,229.53314,234.0,228.2512,234.0,228.3825,234.0,228.38934,234.0,228.05089,234.0,226.50735,202.0,197.64825,202.0,196.40727,202.0,196.63425,292.0,295.4072,202.0,197.76422,202.0,196.45053,202.0,195.014,190.0,189.38959,190.0,188.68033,190.0,189.69803,175.0,170.02289
aes_secworks_orig.bench,31.283394,35.0,10.618874430656433,38.0,37.159454,35.0,33.732563,35.0,33.552055,35.0,34.329414,35.0,33.0708,35.0,33.911243,35.0,33.67599,35.0,33.852627,35.0,33.34519,35.0,33.40004,35.0,33.121544,35.0,33.368404,35.0,34.551285,35.0,33.113834,35.0,33.400734,35.0,33.367825,43.0,42.60462,35.0,31.283394
max_orig.bench,158.55617,164.0,3.3194098621606827,234.0,227.53616,234.0,228.5321,234.0,226.78746,234.0,227.31274,234.0,228.13918,234.0,227.20784,216.0,219.94362,188.0,189.1848,188.0,189.88553,188.0,188.52292,188.0,188.41208,179.0,179.01614,179.0,178.89244,179.0,177.45209,174.0,172.12868,174.0,173.92769,174.0,169.75194,164.0,158.55617
tv80_orig.bench,56.270714,55.0,2.310388721525669,53.0,52.919945,53.0,52.62816,53.0,52.45847,53.0,52.056076,53.0,51.792847,53.0,52.328342,54.0,53.355736,54.0,54.092724,54.0,53.513958,54.0,52.908703,62.0,63.5206,62.0,63.110306,62.0,63.1425,62.0,63.592026,61.0,63.895554,61.0,62.72551,65.0,65.62806,55.0,56.270714
tv80_orig.bench,59.824524,60.0,0.2924601314589381,53.0,52.45282,55.0,53.22995,55.0,51.611954,55.0,52.46272,55.0,51.032726,55.0,50.98349,57.0,53.991142,57.0,53.574883,57.0,54.3609,59.0,53.821716,69.0,64.80787,70.0,67.19823,70.0,65.86012,70.0,66.81657,70.0,65.07003,70.0,66.630974,70.0,68.58846,60.0,59.824524
max_orig.bench,165.92342,184.0,9.824230521917343,287.0,295.79312,234.0,231.02144,234.0,229.24615,234.0,229.5216,234.0,227.91727,234.0,230.02951,234.0,226.2359,202.0,196.32233,202.0,196.85217,202.0,195.4043,295.0,294.6898,199.0,193.44089,199.0,194.82736,199.0,193.21808,199.0,190.69699,199.0,185.3935,199.0,185.80875,184.0,165.92342
tv80_orig.bench,47.838493,49.0,2.370421774685383,53.0,51.09906,53.0,51.34449,53.0,51.29644,52.0,51.075294,52.0,50.673813,52.0,50.34439,52.0,50.534683,52.0,50.506832,52.0,50.639008,52.0,50.479336,52.0,50.31637,52.0,50.14564,52.0,50.34928,52.0,50.279835,52.0,50.12184,52.0,50.152237,52.0,49.77868,49.0,47.838493
aes_secworks_orig.bench,32.239174,33.0,2.3055337369441986,38.0,35.959606,36.0,34.95017,36.0,35.243984,36.0,35.376156,36.0,34.817177,36.0,34.97734,36.0,34.90983,36.0,34.68237,36.0,34.61268,34.0,33.451855,34.0,33.732773,34.0,32.55456,34.0,33.971222,34.0,34.18028,38.0,38.10666,38.0,37.197227,45.0,44.012695,33.0,32.239174
aes_secworks_orig.bench,31.569248,34.0,7.149270176887512,38.0,37.159454,35.0,33.732563,35.0,34.180058,35.0,33.224518,35.0,33.865646,35.0,32.96731,35.0,33.58891,35.0,33.37499,35.0,33.50834,35.0,33.26113,35.0,33.15885,35.0,33.407997,35.0,33.14949,35.0,33.205715,35.0,33.436188,35.0,33.338715,42.0,42.214294,34.0,31.569248
max_orig.bench,162.67917,171.0,4.8659831285476685,287.0,291.44705,234.0,231.04149,234.0,229.74542,234.0,229.10968,231.0,225.04077,231.0,226.90189,231.0,225.82828,200.0,196.45775,200.0,194.96895,200.0,193.95029,200.0,193.42293,193.0,189.04794,193.0,189.90408,193.0,187.08655,183.0,179.56143,183.0,179.5676,183.0,177.69795,171.0,162.67917
tv80_orig.bench,50.130993,52.0,3.5942442715168,53.0,51.09906,53.0,51.34449,53.0,51.29644,52.0,51.075287,52.0,50.753468,52.0,50.288376,52.0,50.293407,52.0,50.530632,52.0,50.33377,52.0,50.338306,52.0,50.235435,52.0,50.322227,52.0,50.19664,52.0,50.354603,52.0,50.58008,52.0,50.177475,52.0,50.330227,52.0,50.130993
max_orig.bench,160.2078,165.0,2.904367074370384,287.0,291.65994,234.0,230.48419,234.0,229.61455,234.0,227.95639,227.0,223.37097,227.0,222.60591,227.0,224.06499,194.0,192.53125,194.0,192.83885,194.0,191.45938,194.0,191.09393,179.0,179.957,179.0,182.77151,179.0,181.42822,176.0,175.97629,176.0,176.57669,176.0,176.16577,165.0,160.2078
aes_secworks_orig.bench,31.419807,33.0,4.788462445139885,41.0,37.77684,37.0,35.789825,37.0,35.580933,37.0,34.85565,37.0,34.12552,37.0,34.439762,36.0,34.018723,36.0,33.65042,36.0,33.553215,36.0,33.77954,35.0,33.09568,35.0,34.289406,35.0,33.79254,35.0,34.602524,40.0,40.192223,40.0,39.656475,46.0,44.946335,33.0,31.419807
aes_secworks_orig.bench,31.740484,34.0,6.645634770393372,41.0,38.42709,41.0,37.564026,41.0,37.03869,39.0,35.604633,37.0,35.00463,37.0,34.976345,37.0,34.38228,37.0,34.130905,37.0,34.214024,37.0,33.842278,37.0,33.64988,37.0,34.17948,37.0,33.711555,37.0,34.781384,41.0,38.938828,41.0,37.685863,45.0,44.778244,34.0,31.740484
tv80_orig.bench,48.204884,49.0,1.6226865351200104,53.0,51.09906,53.0,51.344486,53.0,51.289085,52.0,51.121544,52.0,50.691666,52.0,50.318344,52.0,50.334305,52.0,50.713478,52.0,50.471344,52.0,50.59034,52.0,50.34266,52.0,50.476673,52.0,50.303852,52.0,50.44232,52.0,50.651512,52.0,50.296432,52.0,50.352493,49.0,48.204884
aes_secworks_orig.bench,32.530876,33.0,1.4215873554348946,38.0,35.959606,38.0,36.193222,38.0,36.21925,38.0,35.90617,38.0,35.441994,38.0,35.294006,38.0,34.69769,37.0,34.768288,37.0,34.775696,37.0,34.520874,37.0,34.784126,35.0,33.293087,35.0,34.472153,35.0,33.920364,40.0,38.689888,40.0,37.69145,44.0,43.70604,33.0,32.530876
aes_secworks_orig.bench,31.2572,35.0,10.693713277578354,38.0,37.159454,35.0,33.732563,34.0,33.69888,34.0,33.269447,34.0,34.083527,34.0,32.92148,34.0,33.82236,34.0,34.1828,34.0,34.426723,34.0,34.024174,34.0,33.334145,34.0,33.68755,34.0,34.0268,34.0,33.288597,34.0,33.33449,34.0,32.76365,44.0,42.457226,35.0,31.2572
tv80_orig.bench,48.228134,50.0,3.5437315702438354,53.0,51.09906,53.0,51.34449,53.0,51.252766,53.0,51.05082,53.0,50.67065,53.0,50.434814,53.0,50.288765,53.0,50.41066,53.0,50.61611,53.0,50.59919,53.0,50.180443,53.0,50.248573,53.0,50.319885,53.0,50.40437,53.0,50.46737,53.0,50.733856,53.0,50.709045,50.0,48.228134
aes_secworks_orig.bench,31.380867,35.0,10.340379923582077,38.0,36.51134,35.0,33.81618,35.0,34.414352,35.0,33.751163,35.0,33.062447,35.0,34.049667,35.0,33.78282,35.0,34.280075,35.0,33.723824,35.0,32.779953,35.0,33.83705,35.0,33.50009,35.0,33.234398,35.0,33.51915,35.0,33.65899,35.0,33.633266,43.0,42.179195,35.0,31.380867
aes_secworks_orig.bench,31.471125,33.0,4.63295578956604,41.0,37.77684,39.0,36.235752,39.0,36.754456,37.0,36.039482,37.0,35.023052,37.0,34.713585,37.0,34.574505,37.0,34.423073,37.0,34.704433,37.0,34.385563,37.0,34.679585,36.0,33.41768,36.0,34.406765,36.0,34.02227,40.0,38.089134,40.0,38.15622,46.0,43.86511,33.0,31.471125
tv80_orig.bench,49.421032,50.0,1.157936081290245,53.0,52.486443,53.0,52.38524,53.0,51.497086,53.0,51.523117,53.0,51.75759,53.0,51.6289,53.0,51.59296,53.0,51.87713,53.0,51.81716,53.0,51.673805,53.0,51.110107,53.0,50.9604,53.0,51.022488,53.0,52.21478,53.0,51.862625,53.0,50.922142,53.0,50.867226,50.0,49.421032
tv80_orig.bench,49.715233,52.0,4.393782839179039,53.0,51.09906,53.0,51.34449,53.0,51.29644,52.0,51.075287,52.0,50.45688,52.0,50.581528,52.0,50.44233,52.0,50.63872,52.0,50.39675,52.0,50.514465,52.0,50.258125,52.0,50.35003,52.0,50.272713,52.0,50.404427,52.0,50.584717,52.0,50.245827,52.0,50.07659,52.0,49.715233
max_orig.bench,170.8631,173.0,1.2352033518254757,234.0,227.53616,234.0,227.87819,234.0,228.23044,234.0,229.88547,227.0,223.46619,227.0,224.96683,221.0,220.25647,192.0,188.19785,192.0,189.38287,192.0,187.36913,192.0,187.72821,182.0,177.52707,182.0,178.43591,182.0,177.11319,173.0,172.53966,173.0,173.93097,173.0,169.65988,173.0,170.8631
tv80_orig.bench,47.991734,50.0,4.016532748937607,53.0,51.09906,53.0,51.34449,53.0,51.29644,52.0,51.07529,52.0,50.594513,52.0,50.640984,52.0,50.460274,52.0,50.694077,52.0,50.858368,52.0,50.42881,52.0,50.30937,52.0,50.31473,52.0,50.23171,52.0,50.439026,52.0,50.23243,52.0,50.034973,52.0,50.144436,50.0,47.991734
aes_secworks_orig.bench,31.333355,35.0,10.47612875699997,38.0,37.159454,35.0,33.732563,35.0,34.98217,35.0,33.700195,35.0,33.123413,35.0,33.46173,35.0,33.687435,35.0,33.57877,35.0,33.468918,35.0,33.891113,35.0,33.52433,35.0,32.604187,35.0,32.33239,35.0,33.043144,35.0,33.257473,35.0,32.873024,43.0,42.13424,35.0,31.333355
aes_secworks_orig.bench,32.948906,33.0,0.15483046881854534,41.0,36.759132,38.0,36.671486,36.0,36.089966,36.0,36.244766,36.0,34.902653,36.0,34.594025,33.0,34.459248,34.0,34.573063,34.0,33.58403,35.0,34.16027,35.0,33.93297,35.0,33.884605,34.0,34.251312,34.0,32.8712,38.0,36.879646,37.0,36.016006,45.0,47.3463,33.0,32.948906
aes_secworks_orig.bench,31.68711,33.0,3.9784517139196396,41.0,37.77684,38.0,37.154823,37.0,35.52532,35.0,33.658398,35.0,34.24389,35.0,34.437824,35.0,33.87017,35.0,34.125977,35.0,33.83429,35.0,33.999683,35.0,33.635056,35.0,33.91839,35.0,34.3789,35.0,33.862137,40.0,39.019604,40.0,37.997917,46.0,44.581,33.0,31.68711
tv80_orig.bench,47.964027,49.0,2.1142298355698586,53.0,51.09906,53.0,51.34449,53.0,51.29644,52.0,51.07529,52.0,50.549988,52.0,50.353783,52.0,50.17675,52.0,50.42694,52.0,50.431877,52.0,50.32895,52.0,50.156307,52.0,50.156715,52.0,50.257286,52.0,50.411285,52.0,50.348763,52.0,49.839333,52.0,50.2145,49.0,47.964027
max_orig.bench,188.44814,193.0,2.3584790527820587,287.0,293.81958,287.0,293.03537,287.0,293.75974,287.0,295.3383,287.0,293.91763,287.0,292.9651,287.0,293.81815,287.0,293.22226,287.0,291.33725,287.0,293.4837,306.0,309.48563,208.0,206.7811,208.0,206.3256,208.0,205.40553,201.0,199.99483,201.0,200.09909,201.0,198.0637,193.0,188.44814
aes_secworks_orig.bench,31.735126,33.0,3.832950070500374,41.0,37.77684,37.0,35.789825,37.0,36.1532,37.0,35.001526,37.0,34.21579,37.0,34.29484,36.0,33.94214,36.0,33.787117,36.0,34.01895,36.0,33.79929,36.0,33.794754,36.0,34.194233,36.0,33.831833,36.0,34.80434,41.0,40.138645,41.0,37.89658,45.0,44.551865,33.0,31.735126
max_orig.bench,172.03575,173.0,0.5573691800236702,234.0,227.53616,234.0,225.4514,234.0,226.19577,234.0,226.64392,227.0,221.61398,227.0,223.21143,221.0,219.00745,192.0,187.79172,192.0,188.43918,192.0,185.46373,192.0,187.4354,182.0,178.15547,182.0,178.28801,182.0,176.67514,173.0,172.06175,173.0,173.21252,173.0,171.18777,173.0,172.03575
max_orig.bench,163.83405,170.0,3.6270320415496826,287.0,290.50168,234.0,231.83624,234.0,229.21297,234.0,230.65952,227.0,225.27513,227.0,226.35854,227.0,223.85686,227.0,220.66959,227.0,221.81381,227.0,221.76442,227.0,222.03658,192.0,188.01135,192.0,189.99855,192.0,187.89825,185.0,181.77841,185.0,182.46794,185.0,178.46901,170.0,163.83405
aes_secworks_orig.bench,31.335049,33.0,5.0453070551157,41.0,37.741352,38.0,37.48193,35.0,33.768578,35.0,33.915333,35.0,34.138634,35.0,33.500008,35.0,33.297325,35.0,33.602802,35.0,33.536953,35.0,33.46012,35.0,33.600548,35.0,33.399364,35.0,33.176323,35.0,33.16593,35.0,33.219395,35.0,32.863823,43.0,42.086662,33.0,31.335049
tv80_orig.bench,47.753,50.0,4.49400320649147,53.0,51.09906,53.0,51.34449,53.0,51.29644,52.0,51.075287,52.0,50.753468,52.0,50.544605,52.0,50.251617,52.0,50.54944,52.0,50.338333,52.0,50.341175,52.0,50.228867,52.0,50.377083,52.0,50.19407,52.0,50.280983,52.0,50.62735,52.0,50.220844,52.0,50.151062,50.0,47.753
max_orig.bench,169.312,174.0,2.6942549273371696,287.0,294.55667,234.0,230.8887,234.0,229.47736,234.0,229.17238,234.0,228.41403,234.0,229.30437,234.0,227.54126,202.0,197.31848,202.0,198.23743,202.0,197.26245,292.0,296.85504,202.0,198.54199,202.0,197.12585,202.0,196.15509,190.0,189.59848,190.0,188.99445,187.0,185.58716,174.0,169.312
max_orig.bench,163.92833,175.0,6.326668709516525,287.0,291.65997,234.0,230.48419,234.0,229.98166,234.0,228.93808,234.0,227.89757,234.0,227.13055,234.0,226.02065,202.0,193.77542,202.0,194.22482,202.0,193.36368,295.0,292.51114,199.0,188.08794,199.0,188.48184,199.0,186.95277,188.0,181.84114,188.0,181.64685,188.0,181.81598,175.0,163.92833
max_orig.bench,187.43619,193.0,2.882804349064827,287.0,291.39456,287.0,292.03442,287.0,291.12326,287.0,292.35104,287.0,290.53604,287.0,288.756,287.0,290.26102,287.0,290.8889,287.0,292.48163,287.0,290.37408,306.0,309.08902,208.0,206.78879,208.0,206.18692,208.0,204.15155,201.0,200.07857,201.0,200.83563,201.0,197.88846,193.0,187.43619
max_orig.bench,167.92679,173.0,2.932492271065712,234.0,227.53616,234.0,228.5321,234.0,229.01918,234.0,229.31465,227.0,222.75473,227.0,225.3095,221.0,219.84738,192.0,189.15387,192.0,189.65298,192.0,188.7887,192.0,188.81517,182.0,178.9678,182.0,179.65022,182.0,178.08041,173.0,172.73232,173.0,174.34932,173.0,171.42468,173.0,167.92679
tv80_orig.bench,47.71273,49.0,2.6270808652043343,53.0,51.09906,53.0,51.34449,53.0,51.29644,52.0,51.07529,52.0,50.549988,52.0,50.353783,52.0,50.209263,52.0,50.401245,52.0,50.272945,52.0,50.382828,52.0,50.21654,52.0,50.26478,52.0,50.19185,52.0,50.465393,52.0,50.597595,52.0,50.394478,52.0,50.16426,49.0,47.71273
aes_secworks_orig.bench,31.587175,33.0,4.281286895275116,38.0,37.065315,35.0,33.80431,35.0,34.784508,35.0,33.944824,35.0,33.557877,35.0,33.613605,35.0,33.36894,35.0,33.586838,35.0,34.17054,35.0,32.822243,35.0,33.182304,35.0,33.097946,35.0,32.53628,35.0,34.022385,35.0,34.170036,35.0,33.754692,43.0,42.064735,33.0,31.587175
tv80_orig.bench,47.705494,50.0,4.589012265205383,53.0,51.09906,53.0,51.34449,53.0,51.05135,53.0,50.974365,53.0,50.756493,53.0,50.51908,53.0,50.376366,53.0,50.567444,53.0,50.38778,53.0,50.40297,53.0,50.281998,53.0,50.40145,53.0,50.224773,53.0,50.314323,53.0,50.958755,53.0,50.29197,53.0,50.287586,50.0,47.705494
max_orig.bench,160.75835,161.0,0.15009531052783132,287.0,291.44705,234.0,231.0415,234.0,229.74542,234.0,229.51346,227.0,223.6954,227.0,223.19382,227.0,224.76785,194.0,192.22949,194.0,193.08272,194.0,191.11543,194.0,191.40405,185.0,183.92517,185.0,184.25449,185.0,182.6196,177.0,177.64694,177.0,177.85114,177.0,175.75095,161.0,160.75835
tv80_orig.bench,47.953796,52.0,7.781160622835159,53.0,51.09906,53.0,51.34449,53.0,51.28908,53.0,51.302094,53.0,51.079014,53.0,50.701126,53.0,51.004745,53.0,50.75477,53.0,50.48043,53.0,50.66901,53.0,50.330387,53.0,50.507187,53.0,50.502296,53.0,50.596977,53.0,50.74826,53.0,50.551548,53.0,50.384357,52.0,47.953796
aes_secworks_orig.bench,31.23436,33.0,5.350425094366074,41.0,37.77684,37.0,35.789825,37.0,35.992554,37.0,35.84573,37.0,34.26391,37.0,34.41844,37.0,34.125748,37.0,34.29461,37.0,34.167614,37.0,34.591743,35.0,32.967392,35.0,34.81201,35.0,34.304504,35.0,34.07261,40.0,39.444622,40.0,38.87243,45.0,43.41638,33.0,31.23436
max_orig.bench,158.658,173.0,8.29017087817192,234.0,227.53616,234.0,227.72969,234.0,228.36554,234.0,229.57585,227.0,223.88214,227.0,226.72849,221.0,221.8307,192.0,189.1947,192.0,189.71982,192.0,188.81253,192.0,188.87773,192.0,180.89024,192.0,179.49539,192.0,177.90134,187.0,172.79831,187.0,174.2914,187.0,170.52533,173.0,158.658
tv80_orig.bench,48.088005,49.0,1.8612140789628029,53.0,51.09906,53.0,51.34449,53.0,51.289085,52.0,51.121544,52.0,50.80799,52.0,50.741913,52.0,50.603798,52.0,50.730976,52.0,50.514366,52.0,50.762463,52.0,50.324074,52.0,50.465866,52.0,50.32378,52.0,50.382195,52.0,50.72529,52.0,50.337917,52.0,50.418633,49.0,48.088005
tv80_orig.bench,54.944874,56.0,1.8841538578271866,53.0,52.486443,53.0,51.736904,53.0,52.098164,53.0,51.90299,53.0,52.02929,53.0,51.915756,53.0,52.0979,53.0,53.093666,53.0,52.05454,53.0,52.223316,64.0,62.876617,64.0,61.607094,64.0,61.87552,64.0,60.16136,64.0,60.700016,64.0,61.53672,68.0,64.722374,56.0,54.944874
tv80_orig.bench,49.99062,52.0,3.8641929626464844,53.0,51.09906,53.0,51.344486,53.0,51.28908,52.0,51.121544,52.0,50.639687,52.0,50.38139,52.0,50.398933,52.0,50.708336,52.0,50.47914,52.0,50.597397,52.0,50.346222,52.0,50.475,52.0,50.357567,52.0,50.47929,52.0,50.67991,52.0,50.331463,52.0,50.388206,52.0,49.99062
max_orig.bench,160.89435,167.0,3.65607887506485,287.0,292.3701,234.0,230.57048,234.0,229.56284,234.0,229.85454,227.0,225.01048,227.0,225.66998,227.0,225.20654,199.0,193.78705,199.0,194.78781,199.0,193.0321,199.0,192.64462,186.0,184.21025,186.0,184.55643,186.0,182.66309,178.0,177.53438,178.0,177.41492,178.0,176.11642,167.0,160.89435
tv80_orig.bench,48.555367,50.0,2.8892669826745987,53.0,51.09906,53.0,51.34449,53.0,51.29644,52.0,51.07529,52.0,50.711723,52.0,50.364677,52.0,50.270584,52.0,50.400257,52.0,50.798813,52.0,50.741035,52.0,50.151947,52.0,50.51525,52.0,50.367146,52.0,50.500435,52.0,50.66677,52.0,50.403618,52.0,50.208027,50.0,48.555367
max_orig.bench,170.69316,171.0,0.17943800194188952,287.0,293.81958,234.0,229.94626,234.0,228.91959,234.0,228.17937,227.0,223.6064,227.0,224.93597,227.0,223.75757,194.0,192.71695,194.0,193.90964,194.0,192.37389,194.0,191.9949,194.0,188.9556,194.0,189.91605,194.0,188.84177,186.0,185.14029,186.0,183.93483,186.0,179.3945,171.0,170.69316
aes_secworks_orig.bench,31.71209,33.0,3.9027590304613113,41.0,37.77684,37.0,35.789825,37.0,36.1532,35.0,33.934563,35.0,33.909935,35.0,33.76445,35.0,33.663757,35.0,33.976215,35.0,33.88147,35.0,33.908463,35.0,33.62938,35.0,33.858025,35.0,33.600353,35.0,34.070747,40.0,39.49675,40.0,38.274338,46.0,44.30265,33.0,31.71209
aes_secworks_orig.bench,31.57301,33.0,4.3242137879133224,38.0,36.51134,35.0,33.81618,35.0,35.795647,35.0,33.931465,35.0,33.073746,35.0,33.71341,35.0,33.397884,35.0,33.351643,35.0,33.25703,35.0,32.863434,35.0,33.139816,35.0,33.22074,35.0,33.470085,35.0,33.665565,35.0,33.88855,35.0,34.425858,43.0,41.38046,33.0,31.57301
tv80_orig.bench,48.225098,51.0,5.4409850388765335,53.0,51.09906,53.0,51.34449,53.0,51.289078,52.0,51.121544,52.0,50.639687,52.0,50.664238,52.0,50.427635,52.0,50.67328,52.0,50.526493,52.0,50.615784,52.0,50.310154,52.0,50.41181,52.0,50.360405,52.0,50.449223,52.0,50.697567,52.0,50.320793,52.0,50.35199,51.0,48.225098
max_orig.bench,185.28833,196.0,5.4651375859975815,287.0,293.4894,287.0,291.09537,287.0,290.2093,287.0,289.16678,287.0,291.3483,287.0,289.813,287.0,289.0742,217.0,207.94629,217.0,208.37213,217.0,207.26184,292.0,293.20786,208.0,203.2092,208.0,202.80614,208.0,201.555,202.0,197.46384,202.0,196.58154,202.0,196.45503,196.0,185.28833
aes_secworks_orig.bench,31.359835,33.0,4.9701981246471405,38.0,35.959606,38.0,36.369114,38.0,36.173744,38.0,35.670937,38.0,35.038918,38.0,35.2516,37.0,34.703186,37.0,34.526745,37.0,34.64737,35.0,33.345787,35.0,34.10183,35.0,34.137257,35.0,33.90073,35.0,34.29887,40.0,39.5784,40.0,37.554047,46.0,44.37846,33.0,31.359835
max_orig.bench,170.18823,176.0,3.302140533924103,287.0,294.55667,234.0,230.8887,234.0,229.47736,234.0,229.17238,234.0,228.56627,234.0,229.04007,234.0,227.30615,202.0,197.73547,202.0,197.69354,202.0,197.77533,292.0,296.16956,202.0,198.77158,202.0,196.95158,202.0,196.05228,190.0,189.72917,190.0,189.55716,189.0,185.70908,176.0,170.18823
tv80_orig.bench,62.68479,66.0,5.023043230175972,53.0,52.919945,53.0,52.62816,53.0,52.45847,53.0,52.056076,53.0,51.800125,53.0,51.71835,54.0,52.614967,54.0,53.172104,54.0,53.126175,54.0,51.785767,62.0,62.921455,62.0,62.100445,62.0,61.086853,62.0,60.737366,62.0,62.188736,62.0,60.406204,66.0,65.16053,66.0,62.68479
tv80_orig.bench,47.777016,50.0,4.445968568325043,53.0,51.09906,53.0,51.34449,53.0,51.29644,52.0,51.075294,52.0,50.753468,52.0,50.288372,52.0,50.384163,52.0,50.555626,52.0,50.34069,52.0,50.358437,52.0,50.26214,52.0,50.344307,52.0,50.223648,52.0,50.376137,52.0,50.613396,52.0,50.17742,52.0,50.11821,50.0,47.777016
aes_secworks_orig.bench,35.993595,37.0,2.7200132608413696,41.0,36.759132,38.0,36.671486,37.0,36.182663,36.0,36.874584,36.0,34.802574,36.0,35.00264,35.0,34.094555,35.0,34.54055,36.0,34.70741,36.0,33.90792,44.0,49.88295,44.0,49.27825,36.0,37.507298,36.0,40.907234,41.0,42.582832,41.0,42.4935,48.0,50.60002,37.0,35.993595
max_orig.bench,157.75578,161.0,2.015041559934616,234.0,227.53616,234.0,227.87819,234.0,228.19948,234.0,229.44502,227.0,223.5026,227.0,226.30075,227.0,222.90472,194.0,188.46425,194.0,189.78659,194.0,187.20996,194.0,187.71724,185.0,176.75873,185.0,178.33342,185.0,177.00778,177.0,172.30774,177.0,173.54266,177.0,169.11151,161.0,157.75578
max_orig.bench,191.16306,202.0,5.364824086427689,229.0,218.09554,229.0,223.66544,229.0,222.53986,229.0,225.74261,229.0,221.43442,229.0,222.1781,229.0,214.26047,229.0,218.40018,229.0,218.70749,229.0,213.19135,301.0,301.88113,301.0,285.4576,219.0,207.78351,219.0,208.30118,206.0,199.39189,206.0,200.86589,206.0,202.514,202.0,191.16306
tv80_orig.bench,48.19239,50.0,3.61521914601326,53.0,51.09906,53.0,51.34449,53.0,51.28908,52.0,51.121544,52.0,50.822403,52.0,50.62287,52.0,50.509827,52.0,50.67987,52.0,50.459663,52.0,50.82221,52.0,50.33264,52.0,50.49132,52.0,50.305107,52.0,50.417793,52.0,50.707962,52.0,50.686012,52.0,50.662605,50.0,48.19239
max_orig.bench,162.06418,159.0,1.927156187593937,287.0,291.44705,234.0,231.04149,234.0,229.74542,234.0,229.51346,227.0,223.6954,227.0,223.19383,221.0,219.90385,192.0,191.73369,192.0,192.7717,192.0,191.44305,192.0,190.99857,182.0,183.37064,182.0,183.73334,182.0,182.15271,173.0,177.74619,173.0,177.76344,173.0,174.94666,159.0,162.06418
aes_secworks_orig.bench,31.324734,33.0,5.076564475893974,38.0,35.959606,37.0,35.821808,35.0,34.832703,35.0,34.473083,35.0,34.13406,35.0,34.871742,35.0,33.890087,35.0,34.027885,35.0,34.264454,34.0,33.35302,34.0,34.005173,34.0,34.012733,34.0,33.835022,34.0,34.258366,38.0,39.509193,38.0,38.932884,45.0,44.59178,33.0,31.324734
aes_secworks_orig.bench,31.40315,33.0,4.838937520980835,38.0,37.065315,35.0,33.80431,35.0,34.769974,35.0,33.920296,35.0,34.039845,35.0,34.06977,35.0,33.416225,35.0,34.365654,35.0,33.790092,35.0,33.16867,35.0,33.300285,35.0,32.235348,35.0,32.178432,35.0,33.609936,35.0,33.72372,35.0,33.27985,43.0,42.370583,33.0,31.40315
tv80_orig.bench,55.372562,57.0,2.8551537543535233,53.0,52.486443,53.0,51.7369,53.0,51.88459,53.0,51.660484,53.0,51.721603,53.0,51.765354,53.0,51.959908,53.0,52.7893,53.0,52.800186,53.0,52.12847,63.0,62.316322,63.0,62.01729,63.0,62.26916,63.0,61.805496,64.0,62.46472,64.0,62.522964,64.0,62.502495,57.0,55.372562
tv80_orig.bench,53.784843,65.0,17.254087328910828,53.0,52.45282,53.0,52.483196,53.0,52.272255,53.0,52.410065,53.0,52.173477,53.0,52.644386,54.0,53.768917,54.0,52.951736,54.0,53.8562,54.0,53.17165,54.0,52.91803,54.0,53.271267,54.0,53.272858,62.0,54.71515,66.0,58.969315,66.0,55.38135,74.0,64.25801,65.0,53.784843
tv80_orig.bench,47.840393,50.0,4.319213703274727,53.0,51.09906,53.0,51.34449,53.0,51.29644,52.0,51.075294,52.0,50.594513,52.0,50.56362,52.0,50.461414,52.0,50.527935,52.0,50.377975,52.0,50.446846,52.0,50.1848,52.0,50.272545,52.0,50.2162,52.0,50.322224,52.0,50.589066,52.0,50.2085,52.0,50.08834,50.0,47.840393
aes_secworks_orig.bench,31.226164,35.0,10.782388597726822,41.0,37.741352,38.0,36.461357,38.0,35.20587,35.0,33.424072,35.0,33.971222,35.0,33.766228,35.0,33.300026,35.0,33.661972,35.0,33.39115,35.0,33.475365,35.0,32.436077,35.0,33.078262,35.0,33.0174,35.0,33.252285,35.0,33.365253,33.0,31.737783,41.0,41.507492,35.0,31.226164
aes_secworks_orig.bench,31.2373,35.0,10.75056865811348,38.0,37.065315,35.0,33.80431,35.0,33.85965,35.0,33.94055,35.0,33.125557,35.0,33.56167,35.0,33.32486,35.0,33.344704,35.0,33.149788,35.0,33.645084,35.0,33.26697,35.0,32.836983,35.0,33.23713,35.0,34.189423,35.0,33.935642,35.0,34.23488,43.0,42.66921,35.0,31.2373
tv80_orig.bench,59.113056,58.0,1.9190624356269836,53.0,52.45282,55.0,53.22995,55.0,51.611954,55.0,52.46272,55.0,52.900837,55.0,53.793194,56.0,54.686943,56.0,54.108833,56.0,54.894363,56.0,54.863277,69.0,65.75378,69.0,67.7154,69.0,67.23288,69.0,68.11946,68.0,66.02345,68.0,68.60016,69.0,68.94786,58.0,59.113056
aes_secworks_orig.bench,31.529995,34.0,7.264720648527145,41.0,37.741352,38.0,36.36452,37.0,35.695145,35.0,33.658493,35.0,33.35496,35.0,33.877155,35.0,34.03978,35.0,33.32016,35.0,33.726517,35.0,33.407715,35.0,33.38165,35.0,33.423782,35.0,33.690453,35.0,33.536446,41.0,39.076256,40.0,37.40156,45.0,44.643097,34.0,31.529995
tv80_orig.bench,49.010406,51.0,3.90116386115551,53.0,51.09906,53.0,51.34449,53.0,51.28908,52.0,51.121544,52.0,50.639687,52.0,50.919014,52.0,50.558064,52.0,50.699776,52.0,50.408234,52.0,50.782387,52.0,50.274654,52.0,50.461613,52.0,50.298866,52.0,50.259094,52.0,50.560074,52.0,50.363407,52.0,50.42678,51.0,49.010406
max_orig.bench,161.39429,167.0,3.3567141741514206,287.0,294.69836,234.0,231.63716,234.0,228.49539,234.0,229.46396,227.0,224.61798,227.0,224.74162,227.0,223.50981,194.0,192.7807,194.0,193.64853,194.0,191.91931,194.0,191.74364,185.0,183.93115,185.0,183.91597,185.0,182.22534,177.0,177.65875,177.0,178.51234,177.0,176.50827,167.0,161.39429
tv80_orig.bench,47.79683,49.0,2.4554505944252014,53.0,51.09906,53.0,51.34449,53.0,51.29644,52.0,51.075287,52.0,50.74539,52.0,50.427822,52.0,51.058327,52.0,50.352283,52.0,50.661705,52.0,50.494545,52.0,50.480446,52.0,50.205757,52.0,50.04857,52.0,50.184174,52.0,50.021988,52.0,49.816975,52.0,49.747078,49.0,47.79683
aes_secworks_orig.bench,32.8429,33.0,0.47606267035007477,38.0,35.959606,37.0,36.01183,37.0,35.904644,37.0,35.23568,37.0,35.198387,37.0,35.089592,37.0,34.51765,37.0,34.356663,37.0,34.332497,35.0,33.34485,35.0,33.579964,35.0,34.03268,35.0,33.94307,35.0,34.49468,40.0,39.84767,40.0,39.004166,45.0,44.10019,33.0,32.8429
max_orig.bench,189.11005,186.0,1.672067865729332,287.0,293.8196,287.0,293.03537,287.0,293.75974,287.0,293.27682,287.0,292.47952,287.0,292.03537,287.0,292.51138,287.0,292.183,287.0,292.3475,287.0,292.8051,306.0,309.35883,208.0,206.38484,208.0,206.35364,208.0,204.89056,201.0,200.30469,201.0,199.5928,201.0,200.41504,186.0,189.11005
aes_secworks_orig.bench,31.218029,33.0,5.3999122232198715,41.0,37.741352,38.0,36.461357,38.0,35.20587,35.0,33.424072,35.0,33.57302,35.0,33.260162,35.0,33.54275,35.0,33.59961,35.0,33.613575,35.0,33.34606,35.0,32.38765,35.0,32.937172,35.0,32.985275,35.0,33.21522,35.0,33.318016,33.0,31.771887,41.0,41.428604,33.0,31.218029
max_orig.bench,158.26843,167.0,5.2284833043813705,234.0,227.53616,234.0,228.5088,234.0,228.87173,234.0,229.47105,227.0,222.99008,227.0,224.2224,226.0,221.47038,199.0,188.77617,199.0,189.58112,199.0,188.57576,199.0,188.58531,191.0,178.75723,191.0,179.47327,191.0,177.91171,181.0,172.72188,181.0,174.15948,181.0,171.45525,167.0,158.26843
max_orig.bench,187.93947,196.0,4.112515971064568,287.0,289.22708,287.0,291.67435,287.0,290.86414,287.0,290.73203,287.0,288.7529,287.0,289.3625,287.0,290.72318,287.0,290.31134,287.0,290.72064,287.0,290.66086,306.0,308.96204,208.0,205.92545,208.0,205.44182,208.0,203.69873,202.0,200.54912,202.0,199.64949,202.0,197.70557,196.0,187.93947
max_orig.bench,158.41281,173.0,8.431901037693024,234.0,227.53616,234.0,226.50105,234.0,228.26167,234.0,229.81691,227.0,223.95512,227.0,224.8168,221.0,221.06169,192.0,188.31046,192.0,189.30847,192.0,188.33925,192.0,188.21315,192.0,180.31808,192.0,179.24078,192.0,177.6277,187.0,172.50484,187.0,174.0882,187.0,171.67084,173.0,158.41281
aes_secworks_orig.bench,31.585953,33.0,4.284991696476936,38.0,37.159454,35.0,33.732563,35.0,33.552055,35.0,34.329414,35.0,33.0708,35.0,33.911243,35.0,33.67599,35.0,33.852627,35.0,33.34519,35.0,33.40004,35.0,33.121544,35.0,33.067142,35.0,33.70681,35.0,33.54191,35.0,33.796886,35.0,33.044,42.0,42.31068,33.0,31.585953
aes_secworks_orig.bench,31.289234,33.0,5.184138938784599,38.0,37.159454,35.0,33.732563,35.0,34.454475,35.0,34.23502,35.0,33.110653,35.0,33.761635,35.0,33.613495,35.0,33.417126,35.0,33.55043,35.0,33.625465,35.0,33.0083,35.0,32.984787,35.0,32.9984,35.0,33.519707,35.0,33.670902,35.0,32.97058,43.0,42.0659,33.0,31.289234
tv80_orig.bench,51.197758,52.0,1.5427736565470695,53.0,52.486443,53.0,51.736904,53.0,52.021538,53.0,51.79043,53.0,51.889507,53.0,51.627724,53.0,52.00344,53.0,52.742836,53.0,52.885338,53.0,52.251053,53.0,52.344234,53.0,52.1711,53.0,51.886684,53.0,52.600773,55.0,55.337322,55.0,54.223938,55.0,55.15807,52.0,51.197758
max_orig.bench,185.0515,187.0,1.0419794358313084,287.0,291.39456,234.0,229.53314,234.0,228.6775,234.0,226.30869,234.0,227.91542,234.0,228.48782,234.0,225.75157,202.0,197.04173,202.0,197.72408,202.0,196.29729,292.0,294.90527,202.0,196.53145,202.0,195.55682,202.0,194.72209,190.0,189.12494,190.0,188.07616,187.0,184.94446,187.0,185.0515
aes_secworks_orig.bench,31.629509,33.0,4.153003171086311,38.0,37.265015,37.0,35.942154,35.0,33.810604,35.0,33.91307,35.0,34.42325,35.0,34.222507,35.0,34.000576,35.0,33.9527,35.0,33.81838,35.0,33.680946,35.0,33.474747,35.0,33.910477,35.0,33.640854,35.0,33.863075,35.0,34.05119,35.0,33.902203,43.0,42.700417,33.0,31.629509
aes_secworks_orig.bench,31.279356,35.0,10.63041165471077,39.0,34.208553,39.0,34.093716,37.0,34.842888,37.0,33.77839,37.0,34.33088,37.0,34.532013,37.0,33.812424,37.0,34.353252,37.0,33.435947,37.0,32.955322,37.0,33.352062,37.0,32.04546,37.0,32.887184,37.0,33.304855,37.0,33.417248,37.0,33.171265,44.0,42.603752,35.0,31.279356
aes_secworks_orig.bench,31.227032,33.0,5.372631177306175,38.0,37.065315,35.0,33.80431,35.0,33.85965,35.0,33.94055,35.0,33.125557,35.0,33.700283,35.0,33.355762,35.0,33.57718,35.0,33.151733,35.0,32.86391,35.0,33.114403,35.0,32.720524,35.0,33.334522,35.0,33.746964,35.0,33.862026,35.0,33.316093,43.0,41.83705,33.0,31.227032
tv80_orig.bench,48.051167,51.0,5.782026425004005,53.0,51.09906,53.0,50.648468,53.0,51.29545,53.0,50.8489,53.0,50.44738,53.0,50.308315,53.0,50.117683,53.0,50.49723,53.0,50.355667,53.0,50.569695,53.0,50.244087,53.0,50.412582,53.0,50.264015,53.0,50.304558,53.0,50.678715,53.0,50.325203,53.0,50.409195,51.0,48.051167
tv80_orig.bench,47.755867,49.0,2.5390468537807465,53.0,51.09906,53.0,51.34449,53.0,51.29644,52.0,51.07529,52.0,50.74539,52.0,50.42782,52.0,50.476734,52.0,50.25441,52.0,50.31082,52.0,50.59458,52.0,50.542503,52.0,50.219803,52.0,50.058052,52.0,50.213463,52.0,50.01487,52.0,49.7173,52.0,50.03195,49.0,47.755867
aes_secworks_orig.bench,31.546062,33.0,4.405871406197548,38.0,37.065315,35.0,33.80431,35.0,34.4393,35.0,34.115585,35.0,33.2091,35.0,33.132668,35.0,33.39564,35.0,33.421352,35.0,33.731514,35.0,33.58601,35.0,33.894154,35.0,32.947987,35.0,32.39963,35.0,33.785797,35.0,33.997227,35.0,33.790886,43.0,41.626976,33.0,31.546062
max_orig.bench,167.1231,171.0,2.267197333276272,234.0,227.53616,234.0,227.87819,234.0,228.23044,234.0,229.88547,227.0,223.46619,227.0,224.96683,221.0,220.25647,192.0,188.19785,192.0,189.38287,192.0,187.36914,192.0,187.72821,192.0,187.18732,192.0,185.34422,192.0,184.03117,183.0,181.53636,183.0,180.16064,183.0,178.29889,171.0,167.1231
max_orig.bench,170.9942,175.0,2.2890275344252586,287.0,292.56857,234.0,230.58273,234.0,229.6121,234.0,228.96088,234.0,229.01727,234.0,229.35558,234.0,226.9177,234.0,226.4299,234.0,226.70934,234.0,225.09814,299.0,301.46512,204.0,198.8828,204.0,199.4724,204.0,197.46877,191.0,191.40224,191.0,190.62381,191.0,190.14,175.0,170.9942
aes_secworks_orig.bench,31.65799,33.0,4.0666986256837845,38.0,36.51134,35.0,33.81618,35.0,34.845966,35.0,33.725105,35.0,34.077534,35.0,33.136063,35.0,33.91152,35.0,33.191257,35.0,33.95005,35.0,33.479027,35.0,33.54104,35.0,33.72573,35.0,33.7345,35.0,33.218853,35.0,33.445457,35.0,33.272743,43.0,41.99205,33.0,31.65799
max_orig.bench,175.94434,177.0,0.5964203737676144,287.0,292.3701,234.0,230.57051,234.0,229.56282,234.0,229.85454,227.0,225.01048,227.0,226.81357,227.0,225.05042,194.0,192.98227,194.0,194.45346,194.0,192.65872,194.0,192.07684,185.0,183.73975,185.0,184.17046,185.0,182.30453,177.0,177.32187,177.0,177.35823,177.0,176.1023,177.0,175.94434
tv80_orig.bench,47.881638,51.0,6.114436313509941,53.0,51.09906,53.0,51.241276,53.0,51.16207,53.0,51.04042,53.0,50.711548,53.0,50.526424,53.0,50.298687,53.0,50.63336,53.0,50.373867,53.0,50.58117,53.0,50.261627,53.0,50.43396,53.0,50.395947,53.0,50.30371,53.0,50.651173,53.0,50.429466,53.0,50.39041,51.0,47.881638
tv80_orig.bench,47.833687,50.0,4.332626238465309,53.0,51.782917,53.0,51.825382,53.0,51.662415,52.0,51.648144,52.0,51.714897,52.0,51.377495,52.0,51.293716,52.0,51.62115,52.0,51.822014,52.0,51.603672,52.0,51.4858,52.0,51.068604,52.0,51.151752,52.0,51.516335,52.0,51.25022,52.0,50.84146,52.0,51.17504,50.0,47.833687
aes_secworks_orig.bench,31.24155,33.0,5.32863512635231,38.0,36.51134,35.0,33.81618,35.0,34.962505,35.0,33.61449,35.0,32.9257,35.0,33.386723,35.0,33.68822,35.0,33.515293,35.0,33.96468,35.0,33.2594,35.0,33.47355,35.0,32.67901,35.0,32.76857,35.0,33.404938,35.0,33.505417,35.0,32.9511,43.0,42.21039,33.0,31.24155
max_orig.bench,188.75226,186.0,1.4797087758779526,287.0,292.56857,287.0,293.3085,287.0,293.36417,287.0,291.81754,287.0,292.91553,287.0,291.17648,287.0,291.96545,287.0,291.05298,287.0,288.41428,287.0,290.6017,306.0,309.10648,208.0,206.71623,208.0,206.31958,208.0,205.02509,201.0,199.89291,201.0,199.45105,201.0,199.47548,186.0,188.75226
aes_secworks_orig.bench,32.15036,33.0,2.574666403234005,38.0,35.663834,38.0,36.386795,35.0,33.915367,35.0,33.59092,35.0,34.420425,35.0,34.458042,35.0,33.67787,35.0,33.701786,35.0,33.17122,35.0,33.37112,35.0,33.25773,35.0,33.55291,35.0,34.323875,35.0,33.51297,35.0,33.53965,35.0,33.92224,35.0,34.17093,33.0,32.15036
tv80_orig.bench,59.25447,59.0,0.43130647391080856,53.0,52.45282,55.0,53.22995,55.0,53.447147,55.0,53.95934,55.0,53.951736,55.0,55.649395,56.0,55.553226,56.0,55.284306,56.0,55.94662,57.0,55.42898,69.0,65.07346,69.0,67.24082,69.0,66.04696,69.0,67.32603,67.0,66.61649,67.0,67.995125,68.0,68.738655,59.0,59.25447
tv80_orig.bench,47.59322,50.0,4.813560470938683,53.0,51.09906,53.0,51.34449,53.0,51.29644,52.0,51.075294,52.0,50.48599,52.0,50.35644,52.0,50.508102,52.0,50.55149,52.0,50.547325,52.0,50.401344,52.0,50.508583,52.0,49.81377,52.0,49.962902,52.0,50.042744,52.0,50.136578,52.0,49.875008,52.0,49.381897,50.0,47.59322
tv80_orig.bench,48.222992,49.0,1.5857307240366936,53.0,51.09906,53.0,51.34449,53.0,51.28908,52.0,51.121544,52.0,50.822403,52.0,50.46507,52.0,50.43121,52.0,50.706436,52.0,50.546837,52.0,50.67617,52.0,50.375423,52.0,50.496273,52.0,50.4744,52.0,50.49253,52.0,50.722214,52.0,50.339973,52.0,50.617188,49.0,48.222992
aes_secworks_orig.bench,31.696335,33.0,3.95050048828125,41.0,37.77684,37.0,35.789825,37.0,35.580933,37.0,34.85565,37.0,34.31495,37.0,34.35391,36.0,33.87827,36.0,33.724293,36.0,33.525475,36.0,33.810783,36.0,34.267693,36.0,34.242218,36.0,33.65574,36.0,34.515896,41.0,39.574455,41.0,37.826122,46.0,44.863953,33.0,31.696335
tv80_orig.bench,47.670647,50.0,4.658706486225128,53.0,51.09906,53.0,51.34449,53.0,51.29644,52.0,51.07529,52.0,50.753468,52.0,50.54461,52.0,50.35585,52.0,50.281487,52.0,50.38642,52.0,50.361153,52.0,50.22709,52.0,50.33038,52.0,50.20801,52.0,50.310417,52.0,50.640842,52.0,50.218697,52.0,50.3125,50.0,47.670647
tv80_orig.bench,48.264717,52.0,7.183236628770828,53.0,51.09906,53.0,51.34449,53.0,51.491287,53.0,51.093884,53.0,50.628365,53.0,50.668118,53.0,50.43782,53.0,50.654625,53.0,50.590984,53.0,50.64517,53.0,50.38216,53.0,50.44553,53.0,50.418274,53.0,50.47889,53.0,51.30273,53.0,50.409233,53.0,50.447807,52.0,48.264717
max_orig.bench,169.42604,174.0,2.6287123560905457,287.0,293.88568,234.0,230.46515,234.0,228.66142,234.0,229.1679,234.0,229.37096,234.0,229.04889,234.0,227.20633,202.0,196.97733,202.0,197.98804,202.0,196.33325,292.0,296.9852,202.0,196.2019,202.0,195.86255,202.0,194.54575,190.0,189.16727,190.0,187.84357,187.0,184.39108,174.0,169.42604
max_orig.bench,158.75372,167.0,4.9378901720047,234.0,227.53616,234.0,228.5321,234.0,227.96584,234.0,229.23358,227.0,222.81102,227.0,223.50502,226.0,221.11243,199.0,189.85419,199.0,189.89473,199.0,188.80128,199.0,188.6677,191.0,179.06384,191.0,179.10693,191.0,177.47865,181.0,172.89143,181.0,173.85681,181.0,169.9422,167.0,158.75372
max_orig.bench,198.72246,201.0,1.133105531334877,287.0,293.4894,287.0,291.09537,287.0,290.2093,287.0,289.16678,287.0,289.2737,287.0,289.5723,287.0,291.6474,287.0,291.34848,287.0,289.29324,287.0,290.979,306.0,309.6169,208.0,206.17078,208.0,206.0618,208.0,205.06674,201.0,199.63766,201.0,199.35841,201.0,199.28027,201.0,198.72246
aes_secworks_orig.bench,31.739433,33.0,3.819899260997772,38.0,36.303238,38.0,36.448074,38.0,36.929848,38.0,36.294834,38.0,35.868248,38.0,35.54708,38.0,34.99454,37.0,35.326923,37.0,34.648857,37.0,35.418953,36.0,31.144472,34.0,32.251778,34.0,33.136208,34.0,33.3723,38.0,34.474785,38.0,34.292526,46.0,45.75563,33.0,31.739433
max_orig.bench,194.48088,196.0,0.7750608492642641,287.0,287.52615,287.0,290.3559,287.0,290.56772,287.0,290.05118,287.0,290.80887,287.0,288.76025,217.0,223.20015,217.0,220.18398,217.0,220.93356,217.0,218.93782,292.0,301.9537,208.0,205.26523,208.0,205.52,208.0,203.31909,202.0,199.36653,202.0,199.25253,202.0,198.77577,196.0,194.48088
tv80_orig.bench,48.27045,49.0,1.4888763427734375,53.0,51.09906,53.0,51.344486,53.0,51.28908,52.0,51.121544,52.0,50.807995,52.0,50.741913,52.0,50.603798,52.0,50.730976,52.0,50.456093,52.0,50.812828,52.0,50.351448,52.0,50.49839,52.0,50.37213,52.0,50.45628,52.0,50.761414,52.0,50.40458,52.0,50.482437,49.0,48.27045
tv80_orig.bench,48.41349,50.0,3.173019364476204,53.0,52.486443,53.0,53.32442,53.0,52.56261,52.0,51.486996,52.0,51.841957,52.0,51.818333,52.0,51.490166,52.0,51.416115,52.0,52.13408,52.0,51.958626,52.0,51.530167,52.0,51.54066,52.0,51.439163,52.0,51.94523,52.0,51.512684,52.0,51.71573,52.0,51.531418,50.0,48.41349
max_orig.bench,202.39034,219.0,7.584322243928909,287.0,291.65994,287.0,292.22476,287.0,291.9757,287.0,291.84137,287.0,291.88297,287.0,291.658,229.0,225.3339,229.0,224.89697,229.0,225.67224,229.0,224.8164,301.0,305.08582,301.0,301.2477,219.0,211.8567,219.0,207.73712,219.0,207.17604,219.0,206.16064,219.0,205.58989,219.0,202.39034
tv80_orig.bench,49.501137,50.0,0.9977264329791069,53.0,52.486443,53.0,51.602745,53.0,51.934334,52.0,51.449333,52.0,51.60143,52.0,51.4802,52.0,51.7144,52.0,51.542637,52.0,51.059563,52.0,51.221016,52.0,50.736214,52.0,51.073547,52.0,51.027985,52.0,51.707535,52.0,51.823944,52.0,52.00035,52.0,51.24997,50.0,49.501137
aes_secworks_orig.bench,31.239086,33.0,5.336102470755577,38.0,37.159454,35.0,33.732563,35.0,34.4617,35.0,33.553864,35.0,32.818756,35.0,33.2747,35.0,33.708694,35.0,33.567577,35.0,33.514576,35.0,33.785072,35.0,33.243336,35.0,32.57662,35.0,32.267548,35.0,33.19285,35.0,33.41453,35.0,32.960125,43.0,42.50607,33.0,31.239086
tv80_orig.bench,59.929276,64.0,6.360507011413574,53.0,52.486443,53.0,51.736904,53.0,51.88459,53.0,51.66048,53.0,51.872475,53.0,51.847603,53.0,51.997307,53.0,52.863598,53.0,52.92937,53.0,52.1415,63.0,62.40566,63.0,63.712772,63.0,63.12601,63.0,61.64001,64.0,62.86776,64.0,63.29084,64.0,64.91244,64.0,59.929276
aes_secworks_orig.bench,32.132656,41.0,21.627667546272278,41.0,37.741352,41.0,37.564606,38.0,36.656868,35.0,33.70987,35.0,33.870224,35.0,33.68225,35.0,33.75199,35.0,33.694218,35.0,33.785427,35.0,33.4356,35.0,33.59502,35.0,32.994987,35.0,32.990395,35.0,33.28912,35.0,33.475388,33.0,32.124825,41.0,41.551487,41.0,32.132656
tv80_orig.bench,49.844154,52.0,4.145856946706772,53.0,51.09906,53.0,51.34449,53.0,51.28908,52.0,51.121544,52.0,50.639687,52.0,50.664238,52.0,50.427635,52.0,50.744835,52.0,50.557957,52.0,50.62268,52.0,50.35389,52.0,50.510277,52.0,50.365204,52.0,50.476387,52.0,50.693924,52.0,50.331017,52.0,50.385124,52.0,49.844154
aes_secworks_orig.bench,32.5144,35.0,7.101713120937347,41.0,37.77684,37.0,35.789825,37.0,36.1532,37.0,35.001526,36.0,34.224453,36.0,34.4729,36.0,34.00348,36.0,34.10535,36.0,34.16044,36.0,34.118202,36.0,33.86416,36.0,34.241314,36.0,34.171185,36.0,35.0337,41.0,40.338753,41.0,39.398018,41.0,39.439285,35.0,32.5144
max_orig.bench,158.66779,159.0,0.20893984474241734,234.0,227.53616,234.0,227.72969,234.0,228.61812,234.0,229.58592,227.0,223.971,227.0,226.81708,221.0,221.92981,192.0,188.77974,192.0,189.8019,192.0,188.64825,192.0,188.27798,182.0,178.84274,182.0,178.67581,182.0,177.18396,173.0,172.94287,173.0,173.91989,173.0,171.74243,159.0,158.66779
tv80_orig.bench,47.930847,49.0,2.1819446235895157,53.0,51.09906,53.0,51.34449,53.0,51.29644,52.0,51.075287,52.0,50.711727,52.0,50.37101,52.0,50.54345,52.0,50.609882,52.0,50.69464,52.0,50.65526,52.0,50.18157,52.0,50.011433,52.0,50.30023,52.0,50.310944,52.0,50.18006,52.0,50.15379,52.0,50.03112,49.0,47.930847
tv80_orig.bench,50.98737,52.0,1.9473662599921227,53.0,52.486443,53.0,51.736904,53.0,52.02153,53.0,51.79043,53.0,51.889503,53.0,51.627724,53.0,52.003437,53.0,52.742836,53.0,52.836,53.0,52.180576,53.0,51.918648,53.0,52.163097,53.0,51.93074,53.0,52.75035,57.0,56.734688,57.0,53.722908,57.0,55.081993,52.0,50.98737
aes_secworks_orig.bench,31.454067,33.0,4.684644937515259,41.0,37.77684,37.0,35.789825,37.0,35.580933,37.0,34.85565,37.0,34.31495,37.0,34.442715,36.0,33.983643,36.0,33.673214,36.0,33.545937,36.0,33.762413,35.0,33.13119,35.0,34.28868,35.0,33.618378,35.0,34.5157,40.0,39.602272,40.0,39.615562,46.0,44.92237,33.0,31.454067
max_orig.bench,163.70107,167.0,1.975410059094429,287.0,292.56857,234.0,230.58273,234.0,227.66202,234.0,228.91023,227.0,224.21992,227.0,225.7553,227.0,224.89944,194.0,193.4946,194.0,194.453,194.0,192.87292,194.0,192.66489,185.0,185.19908,185.0,186.6972,185.0,184.41629,176.0,179.45078,176.0,179.48477,176.0,178.16212,167.0,163.70107
aes_secworks_orig.bench,31.871098,33.0,3.420916572213173,38.0,36.90044,37.0,35.80421,37.0,35.75724,35.0,33.64182,35.0,33.27233,35.0,34.13611,35.0,33.699432,35.0,32.808315,33.0,33.2017,33.0,33.895947,33.0,33.927643,33.0,33.420547,33.0,33.562828,33.0,33.64471,36.0,39.015686,36.0,37.430157,46.0,44.21029,33.0,31.871098
tv80_orig.bench,47.905434,50.0,4.189132526516914,53.0,51.09906,53.0,51.34449,53.0,51.28908,52.0,51.121544,52.0,50.822403,52.0,50.622864,52.0,50.402084,52.0,50.702053,52.0,50.434353,52.0,50.687775,52.0,50.30819,52.0,50.482082,52.0,50.48041,52.0,50.478683,52.0,50.78304,52.0,50.330933,52.0,50.302467,50.0,47.905434
tv80_orig.bench,49.6588,51.0,2.6298074051737785,53.0,52.486443,53.0,52.246517,53.0,52.025093,52.0,51.416336,52.0,51.696724,52.0,51.530457,52.0,51.59067,52.0,51.76922,52.0,51.659515,52.0,51.756042,52.0,50.974545,52.0,51.157574,52.0,51.55737,52.0,51.789894,52.0,51.619118,52.0,52.313892,52.0,51.10147,51.0,49.6588
tv80_orig.bench,48.205254,50.0,3.5894926637411118,53.0,51.09906,53.0,51.34449,53.0,51.28908,52.0,51.121544,52.0,50.639687,52.0,50.664238,52.0,50.427635,52.0,50.744835,52.0,50.55796,52.0,50.666702,51.0,49.57803,51.0,50.836754,51.0,50.69205,51.0,51.059887,51.0,51.11001,51.0,50.33516,51.0,50.73677,50.0,48.205254
max_orig.bench,164.76743,171.0,3.6447804421186447,287.0,290.74277,234.0,230.86336,234.0,227.8656,234.0,227.93567,234.0,226.94756,234.0,227.49385,234.0,225.66766,201.0,192.89127,201.0,194.3052,201.0,192.87875,293.0,292.15204,187.0,187.0815,187.0,186.8844,187.0,186.04428,187.0,183.96793,187.0,182.0188,187.0,182.42645,171.0,164.76743
max_orig.bench,161.17728,161.0,0.11010969756171107,287.0,293.4894,234.0,231.0163,234.0,230.68597,234.0,230.49286,227.0,224.72363,227.0,227.03543,227.0,225.79729,194.0,192.7507,194.0,193.7275,194.0,192.2003,194.0,191.72346,185.0,183.55795,185.0,183.81314,185.0,181.95282,177.0,177.0432,177.0,177.2496,177.0,175.86296,161.0,161.17728
aes_secworks_orig.bench,31.317945,35.0,10.520155727863312,38.0,37.065315,35.0,33.80431,35.0,33.85965,35.0,33.94055,35.0,33.125557,35.0,33.69676,35.0,33.33073,35.0,33.252914,35.0,33.102386,35.0,33.72644,35.0,33.066925,35.0,32.88407,35.0,33.299965,35.0,33.718033,35.0,33.958324,35.0,34.195732,43.0,42.47468,35.0,31.317945
tv80_orig.bench,48.969723,51.0,3.980935737490654,53.0,51.09906,53.0,51.34449,53.0,51.28908,52.0,51.121544,52.0,50.639687,52.0,50.381386,52.0,50.398933,52.0,50.708336,52.0,50.47914,52.0,50.43483,52.0,50.336197,52.0,50.44936,52.0,50.334232,52.0,50.527122,52.0,50.617622,52.0,50.42567,52.0,50.44394,51.0,48.969723
max_orig.bench,169.44946,174.0,2.6152512058615685,287.0,291.44705,234.0,231.0415,234.0,229.42792,234.0,228.48032,234.0,228.88129,234.0,227.90219,234.0,226.57883,202.0,197.21255,202.0,197.0959,202.0,195.709,292.0,295.8235,202.0,196.64397,202.0,195.96631,202.0,194.98422,190.0,188.7452,190.0,187.74664,187.0,184.6785,174.0,169.44946
tv80_orig.bench,55.285076,54.0,2.379770576953888,53.0,52.486443,53.0,51.736904,53.0,51.884586,53.0,51.66048,53.0,50.339645,53.0,52.139816,53.0,52.302456,53.0,52.61062,53.0,52.451817,53.0,51.31083,63.0,62.190907,63.0,61.052704,63.0,60.970654,63.0,60.46698,62.0,61.41021,62.0,62.26438,64.0,64.61744,54.0,55.285076
max_orig.bench,161.87798,165.0,1.892136037349701,287.0,293.81958,234.0,229.94624,234.0,228.91959,234.0,228.17938,227.0,223.60641,227.0,224.93594,227.0,223.75757,194.0,192.71693,194.0,193.90964,194.0,192.37387,194.0,191.9949,179.0,180.29109,179.0,183.56729,179.0,181.88773,176.0,177.94629,176.0,177.50131,176.0,172.25342,165.0,161.87798
aes_secworks_orig.bench,31.504187,33.0,4.532767832279205,41.0,37.741352,38.0,36.461357,35.0,33.976562,35.0,33.31201,35.0,33.699814,35.0,33.432755,35.0,33.644928,35.0,33.382355,35.0,33.51791,35.0,33.58628,35.0,32.936264,35.0,32.96441,35.0,32.96064,35.0,33.33471,35.0,33.405464,35.0,33.247673,43.0,42.026154,33.0,31.504187
tv80_orig.bench,63.2558,62.0,2.025481127202511,53.0,52.486443,53.0,51.736904,53.0,52.021534,53.0,51.79043,53.0,51.889503,53.0,51.88263,53.0,52.01758,53.0,52.768707,53.0,52.84365,53.0,52.195168,63.0,62.809326,63.0,62.000042,63.0,62.146255,61.0,61.435852,62.0,62.102047,62.0,62.411766,62.0,62.292778,62.0,63.2558
aes_secworks_orig.bench,31.381132,35.0,10.33962219953537,38.0,36.51134,35.0,33.81618,35.0,34.414352,35.0,33.751163,35.0,33.062447,35.0,33.821404,35.0,33.236523,35.0,33.579853,35.0,33.577923,35.0,32.84086,35.0,33.793884,35.0,33.44506,35.0,33.59429,35.0,33.758232,35.0,33.88997,35.0,34.57852,43.0,41.173164,35.0,31.381132
aes_secworks_orig.bench,31.60765,33.0,4.219239950180054,38.0,37.265015,37.0,36.81411,37.0,35.55517,35.0,33.653564,35.0,33.327045,35.0,33.913513,35.0,33.70342,35.0,32.902752,35.0,33.1624,35.0,33.630722,35.0,33.184723,35.0,33.38678,35.0,32.83755,35.0,33.624893,40.0,37.976475,40.0,37.53863,45.0,44.131706,33.0,31.60765
max_orig.bench,161.75516,159.0,1.7328035086393356,287.0,291.44705,234.0,231.0415,234.0,229.74542,234.0,229.51346,227.0,223.6954,227.0,223.19385,221.0,219.90385,192.0,191.73369,192.0,192.7717,192.0,191.19662,192.0,191.28769,182.0,183.95123,182.0,184.3214,182.0,182.7227,173.0,178.01749,173.0,178.09618,173.0,176.23885,159.0,161.75516
aes_secworks_orig.bench,31.37662,34.0,7.715825736522675,37.0,36.583046,35.0,34.308586,35.0,34.61004,35.0,34.25055,35.0,33.1773,35.0,33.70983,35.0,33.784645,35.0,33.324997,35.0,33.07894,35.0,33.738354,35.0,32.944042,35.0,32.83712,35.0,33.277176,35.0,33.60618,35.0,33.698605,35.0,33.97404,42.0,42.506577,34.0,31.37662
tv80_orig.bench,56.076183,57.0,1.6207309439778328,53.0,52.919945,53.0,52.62816,53.0,52.458466,53.0,52.056072,53.0,51.792847,53.0,52.328342,54.0,53.355732,54.0,52.50975,54.0,53.680206,54.0,52.96745,63.0,62.936935,63.0,63.15149,63.0,63.157883,65.0,66.552284,64.0,64.551056,64.0,63.130836,65.0,65.66096,57.0,56.076183
max_orig.bench,161.06342,168.0,4.128919169306755,287.0,291.44705,234.0,231.0415,234.0,229.74542,234.0,229.51346,227.0,223.6954,227.0,223.19383,227.0,224.04395,194.0,192.19092,194.0,193.01245,194.0,191.17369,194.0,190.97282,185.0,183.04419,185.0,183.92451,185.0,182.26144,185.0,176.81566,185.0,178.29211,185.0,176.12996,168.0,161.06342
tv80_orig.bench,48.129868,50.0,3.7402648478746414,53.0,51.09906,53.0,51.34449,53.0,51.29644,53.0,51.004997,53.0,51.066578,53.0,50.868637,53.0,50.94449,53.0,50.51833,53.0,50.89051,53.0,50.79035,53.0,50.269867,53.0,50.769985,53.0,50.450226,53.0,50.659523,53.0,50.62731,53.0,50.3371,53.0,50.21483,50.0,48.129868
tv80_orig.bench,48.35926,49.0,1.3076314702630043,53.0,51.09906,53.0,51.34449,53.0,51.28908,52.0,51.121544,52.0,50.639687,52.0,50.919014,52.0,50.558064,52.0,50.699776,52.0,50.501625,52.0,50.800938,52.0,50.287746,52.0,50.472816,52.0,50.326942,52.0,50.454105,52.0,50.680313,52.0,50.36426,52.0,50.420166,49.0,48.35926
tv80_orig.bench,47.95274,49.0,2.1372659131884575,53.0,51.09906,53.0,51.34449,53.0,51.29644,52.0,51.07529,52.0,50.45687,52.0,50.581528,52.0,50.44233,52.0,50.63872,52.0,50.39675,52.0,50.514465,52.0,50.25812,52.0,50.35003,52.0,50.272713,52.0,50.404427,52.0,50.584717,52.0,50.49283,52.0,50.175285,49.0,47.95274
aes_secworks_orig.bench,31.72101,33.0,3.8757264614105225,41.0,37.77684,38.0,37.154823,37.0,35.52532,35.0,33.658398,35.0,34.24389,35.0,34.437824,35.0,33.600822,35.0,34.024963,35.0,33.51056,35.0,33.652283,35.0,33.469063,35.0,33.96969,35.0,33.91253,35.0,33.887177,40.0,39.5946,40.0,37.11374,45.0,44.77492,33.0,31.72101
max_orig.bench,196.52286,201.0,2.227433957159519,287.0,291.65994,287.0,293.29587,287.0,293.52585,287.0,291.2855,287.0,292.527,287.0,290.89218,287.0,291.936,217.0,208.84534,217.0,209.2905,217.0,208.00398,292.0,292.70218,208.0,203.97232,208.0,203.3453,208.0,202.25931,201.0,196.76086,201.0,196.34818,201.0,196.4273,201.0,196.52286
max_orig.bench,169.49025,174.0,2.5918105617165565,287.0,291.39456,234.0,229.53314,234.0,228.2512,234.0,228.3825,234.0,228.38934,234.0,228.05087,234.0,226.50735,202.0,197.64825,202.0,198.60297,202.0,196.67932,292.0,295.56857,202.0,197.83005,202.0,196.4226,202.0,195.01402,190.0,189.38504,190.0,188.69269,187.0,185.58546,174.0,169.49025
max_orig.bench,160.40558,161.0,0.3692058380693197,287.0,291.44705,234.0,231.04149,234.0,229.74542,234.0,229.51346,227.0,223.6954,227.0,223.19385,227.0,223.67857,194.0,192.1776,194.0,193.02048,194.0,192.09091,194.0,191.16614,185.0,183.84879,185.0,184.20192,185.0,182.52347,177.0,176.59317,177.0,177.43546,177.0,175.29543,161.0,160.40558
tv80_orig.bench,49.285496,51.0,3.361773118376732,53.0,52.486443,53.0,50.90692,53.0,50.902237,53.0,51.081764,53.0,51.438534,53.0,51.12816,53.0,51.549965,53.0,51.08438,53.0,51.3712,53.0,51.39097,53.0,50.875015,53.0,50.8629,53.0,50.846474,53.0,51.403316,53.0,51.394127,53.0,50.552547,53.0,50.82908,51.0,49.285496
aes_secworks_orig.bench,32.225815,34.0,5.21819181740284,37.0,36.583046,37.0,36.564022,37.0,36.42389,37.0,35.93517,37.0,35.484764,37.0,35.51843,37.0,34.83915,37.0,35.27594,37.0,35.32574,37.0,34.86107,37.0,34.46408,35.0,32.72502,35.0,33.626312,35.0,33.487434,40.0,37.884506,40.0,37.307076,44.0,44.054413,34.0,32.225815
tv80_orig.bench,55.924828,56.0,0.13423647033050656,53.0,52.486443,53.0,51.988174,53.0,52.505653,53.0,51.42826,53.0,51.775528,53.0,51.615482,53.0,53.20953,53.0,53.980827,53.0,53.774727,53.0,52.6945,65.0,62.42551,65.0,63.87849,65.0,63.68317,65.0,62.51856,66.0,63.78236,66.0,65.02268,66.0,65.20691,56.0,55.924828
aes_secworks_orig.bench,31.380527,33.0,4.90749254822731,41.0,37.77684,37.0,35.789825,37.0,35.455685,37.0,35.93063,37.0,34.438313,37.0,34.55809,37.0,34.227592,37.0,34.369034,37.0,34.4116,37.0,35.17897,35.0,33.278423,35.0,33.700268,35.0,33.814125,35.0,34.03368,40.0,38.59668,40.0,36.39895,46.0,44.00743,33.0,31.380527
aes_secworks_orig.bench,33.06092,35.0,5.540226399898529,38.0,35.959606,37.0,36.01183,37.0,35.904644,37.0,35.23568,37.0,35.198387,37.0,35.089592,37.0,34.51765,37.0,34.356663,37.0,34.332497,35.0,33.34485,35.0,33.579964,35.0,34.03268,35.0,33.94307,35.0,34.49468,40.0,39.84767,40.0,39.004166,40.0,38.247776,35.0,33.06092
tv80_orig.bench,56.819557,58.0,2.035246230661869,53.0,52.45282,53.0,52.483196,53.0,52.272255,53.0,52.410065,53.0,52.173477,53.0,52.644386,54.0,53.768917,54.0,52.31453,54.0,53.31846,54.0,52.628426,63.0,64.13155,63.0,64.19693,63.0,64.236664,65.0,66.26543,64.0,65.26905,64.0,65.404755,67.0,66.62717,58.0,56.819557
tv80_orig.bench,55.412968,54.0,2.6166068390011787,53.0,52.486443,53.0,51.722267,53.0,51.356026,53.0,51.1313,53.0,51.514236,53.0,51.405746,53.0,52.50721,53.0,52.783134,53.0,52.444794,53.0,52.232544,63.0,63.030785,63.0,63.165684,63.0,63.265144,63.0,62.108772,63.0,61.826843,63.0,63.420662,63.0,64.92791,54.0,55.412968
max_orig.bench,170.11531,173.0,1.6674505546689034,234.0,227.53616,234.0,226.50105,234.0,229.21472,234.0,228.23691,227.0,222.54181,227.0,224.7441,221.0,219.31644,192.0,188.14395,192.0,188.82436,192.0,187.88048,192.0,187.7906,182.0,178.40607,182.0,178.53275,182.0,177.00471,173.0,172.49042,173.0,173.66866,173.0,171.54086,173.0,170.11531
aes_secworks_orig.bench,32.026447,33.0,2.9501596465706825,38.0,37.065315,35.0,33.80431,35.0,33.85965,35.0,33.94055,35.0,33.125557,35.0,33.3819,35.0,33.348186,35.0,33.177406,35.0,33.53576,35.0,33.86399,35.0,33.419815,35.0,33.063583,35.0,32.302208,35.0,33.66191,35.0,33.75068,35.0,33.70851,35.0,33.513252,33.0,32.026447
aes_secworks_orig.bench,31.327541,33.0,5.068056657910347,41.0,37.741352,38.0,36.461357,35.0,33.976562,35.0,33.31201,35.0,33.699814,35.0,33.432755,35.0,33.644928,35.0,33.70244,35.0,33.417557,35.0,33.570095,35.0,33.04883,35.0,33.116814,35.0,33.282608,35.0,33.514744,35.0,33.54667,35.0,33.775787,43.0,41.810646,33.0,31.327541
aes_secworks_orig.bench,31.519545,33.0,4.48622852563858,41.0,37.77684,37.0,35.789825,37.0,35.520424,36.0,35.014828,36.0,34.78313,36.0,34.63173,36.0,34.28781,36.0,34.373444,36.0,34.319443,36.0,34.328445,35.0,33.406445,35.0,33.90685,35.0,33.822754,35.0,34.219837,40.0,38.018986,40.0,36.968815,46.0,43.77347,33.0,31.519545
aes_secworks_orig.bench,31.753275,33.0,3.77795472741127,41.0,37.77684,37.0,36.513874,37.0,36.58854,36.0,35.220375,36.0,34.865032,36.0,34.69161,36.0,33.994488,36.0,34.16198,36.0,34.189514,36.0,33.883114,36.0,34.015915,36.0,33.811256,36.0,33.820396,36.0,34.491264,41.0,37.979813,41.0,37.6226,46.0,44.246117,33.0,31.753275
max_orig.bench,158.32486,163.0,2.8681842610239983,234.0,227.53616,234.0,228.83339,234.0,229.12564,234.0,229.46812,227.0,223.45859,227.0,226.38364,221.0,220.82535,192.0,188.865,192.0,189.68219,192.0,187.63757,192.0,188.17606,182.0,178.01926,182.0,178.8103,182.0,177.37332,182.0,175.43549,182.0,174.56036,182.0,170.30733,163.0,158.32486
aes_secworks_orig.bench,31.803455,33.0,3.625892847776413,41.0,37.77684,41.0,37.014908,41.0,36.824375,39.0,35.388206,37.0,35.0345,37.0,34.920097,37.0,34.413383,37.0,34.34166,37.0,34.030678,37.0,34.086823,37.0,34.242245,37.0,34.114376,37.0,34.094173,37.0,34.86493,41.0,38.133335,41.0,37.260376,45.0,44.58901,33.0,31.803455
max_orig.bench,165.38382,167.0,0.9677726775407791,287.0,291.39456,234.0,229.53314,234.0,227.19406,234.0,227.71878,227.0,223.39767,227.0,224.72287,227.0,223.13936,221.0,219.27962,221.0,219.69148,221.0,220.23868,221.0,222.42534,187.0,189.00116,187.0,191.14749,187.0,188.94041,179.0,182.92126,179.0,183.25336,179.0,179.70584,167.0,165.38382
aes_secworks_orig.bench,31.306227,33.0,5.1326461136341095,38.0,37.159454,35.0,33.732563,35.0,34.180058,35.0,33.224518,35.0,32.906525,35.0,33.32358,35.0,33.521317,35.0,33.350914,35.0,33.525,35.0,33.24995,35.0,33.1567,35.0,32.6822,35.0,33.24222,35.0,33.386997,35.0,33.58363,35.0,33.590347,43.0,42.33519,33.0,31.306227
aes_secworks_orig.bench,30.781075,36.0,14.497014880180359,38.0,37.159454,36.0,35.046055,36.0,35.333138,36.0,35.087315,36.0,33.051064,36.0,33.910072,36.0,33.38958,36.0,33.11177,36.0,33.306156,36.0,33.47931,36.0,32.939556,36.0,32.876423,36.0,33.326706,36.0,33.862743,36.0,34.675465,36.0,33.520947,43.0,44.17675,36.0,30.781075
tv80_orig.bench,47.921192,50.0,4.157615825533867,53.0,51.09906,53.0,51.34449,53.0,51.28908,52.0,51.121544,52.0,50.822403,52.0,50.62287,52.0,50.40208,52.0,50.702053,52.0,50.535027,52.0,49.83977,52.0,50.44541,52.0,50.60263,52.0,50.609207,52.0,50.666306,52.0,50.89108,52.0,50.25368,52.0,50.636314,50.0,47.921192
tv80_orig.bench,47.989666,50.0,4.020668193697929,53.0,51.09906,53.0,51.34449,53.0,51.29644,52.0,51.07529,52.0,50.45688,52.0,50.581528,52.0,50.44233,52.0,50.63872,52.0,50.39675,52.0,50.514465,52.0,50.379044,52.0,50.48082,52.0,50.258415,52.0,50.444313,52.0,50.632492,52.0,50.167236,52.0,49.983055,50.0,47.989666
aes_secworks_orig.bench,31.474379,33.0,4.623095318675041,41.0,37.741352,38.0,36.461357,35.0,33.976562,35.0,33.31201,35.0,33.990585,35.0,33.112885,35.0,33.686935,35.0,33.399982,35.0,33.522163,35.0,33.51207,35.0,32.99585,35.0,33.000015,35.0,32.995544,35.0,33.32126,35.0,33.35719,35.0,33.273,43.0,41.914314,33.0,31.474379
aes_secworks_orig.bench,31.495962,35.0,10.011536628007889,41.0,37.741352,38.0,36.461357,35.0,33.976562,35.0,34.185593,35.0,34.278137,35.0,33.509323,35.0,33.75967,35.0,33.469227,35.0,33.34378,35.0,33.648354,35.0,33.106888,35.0,33.408478,35.0,33.40041,35.0,33.216007,35.0,33.497097,35.0,33.190907,44.0,42.518353,35.0,31.495962
max_orig.bench,187.66225,185.0,1.4390522614121437,287.0,289.536,234.0,230.507,234.0,229.79121,234.0,230.02917,234.0,226.49677,234.0,228.51523,234.0,226.75763,201.0,192.71112,201.0,193.66591,201.0,192.81845,293.0,294.94635,293.0,285.61984,293.0,294.20416,292.0,282.04117,234.0,249.20833,234.0,226.18925,234.0,254.14148,185.0,187.66225
aes_secworks_orig.bench,31.741787,33.0,3.812766820192337,41.0,37.77684,37.0,36.709,37.0,35.349777,35.0,33.700172,35.0,34.21411,35.0,34.446484,35.0,33.668095,35.0,33.259636,35.0,33.57921,35.0,33.69503,35.0,33.54627,35.0,33.913216,35.0,33.623642,35.0,34.0719,40.0,39.607437,40.0,38.234726,45.0,44.273483,33.0,31.741787
aes_secworks_orig.bench,31.205545,35.0,10.84129884839058,38.0,37.065315,35.0,33.80431,35.0,33.85965,35.0,33.94055,35.0,33.125557,35.0,33.69676,35.0,33.33073,35.0,33.252914,35.0,33.102386,35.0,33.72644,35.0,32.580875,35.0,32.72358,35.0,33.238777,35.0,33.68698,35.0,33.74087,35.0,34.04708,44.0,42.422253,35.0,31.205545
aes_secworks_orig.bench,31.606295,35.0,9.696301072835922,41.0,37.741352,38.0,36.36452,37.0,35.695145,35.0,33.658493,35.0,33.898224,35.0,34.03763,35.0,34.062668,35.0,33.622124,35.0,33.52292,35.0,33.440254,35.0,33.62593,35.0,33.68387,35.0,33.340683,35.0,33.52277,35.0,33.154728,35.0,33.857327,43.0,42.69049,35.0,31.606295
tv80_orig.bench,48.140305,50.0,3.7193909287452698,53.0,51.09906,53.0,51.344486,53.0,51.404152,53.0,51.238434,53.0,50.995167,53.0,50.708633,53.0,50.432663,53.0,50.609135,53.0,50.36017,53.0,50.380436,53.0,50.334183,53.0,50.421204,53.0,50.232098,53.0,50.41569,53.0,50.868324,53.0,50.70776,53.0,50.645836,50.0,48.140305
tv80_orig.bench,49.613113,50.0,0.7737732026726007,53.0,52.486443,53.0,51.602753,53.0,51.934334,52.0,51.449333,52.0,51.60143,52.0,51.45986,52.0,51.704136,52.0,51.510933,52.0,51.612873,52.0,51.389458,52.0,50.874252,52.0,51.149204,52.0,51.20766,52.0,51.875305,52.0,51.890224,52.0,52.069942,52.0,51.39742,50.0,49.613113
aes_secworks_orig.bench,34.617508,43.0,19.49416697025299,41.0,37.741352,38.0,36.461357,35.0,33.976562,35.0,33.31201,35.0,33.990585,35.0,33.112885,35.0,33.686935,35.0,33.399982,35.0,33.10572,35.0,33.41125,35.0,32.939598,35.0,33.002323,35.0,32.985107,35.0,33.28248,35.0,33.328163,35.0,33.211876,43.0,41.679512,43.0,34.617508
max_orig.bench,163.46716,169.0,3.273867815732956,287.0,291.65994,234.0,230.48419,234.0,228.50165,234.0,227.67001,227.0,223.14175,227.0,222.80249,227.0,222.81665,194.0,192.94339,194.0,193.13092,194.0,191.6656,194.0,191.27226,179.0,181.0438,179.0,183.83139,179.0,183.05794,178.0,177.78838,178.0,178.1135,178.0,176.82788,169.0,163.46716
tv80_orig.bench,48.4104,49.0,1.203264482319355,53.0,51.09906,53.0,51.34449,53.0,51.28908,52.0,51.121544,52.0,50.639687,52.0,50.664238,52.0,50.427635,52.0,50.744835,52.0,50.55796,52.0,50.62268,52.0,50.35389,52.0,50.51028,52.0,50.46311,52.0,50.487453,52.0,50.699776,52.0,50.34427,52.0,50.392166,49.0,48.4104
aes_secworks_orig.bench,31.745062,33.0,3.8028426468372345,38.0,35.663834,38.0,36.386795,36.0,35.565464,36.0,34.144165,36.0,34.776196,36.0,34.499992,35.0,34.044243,35.0,34.023384,35.0,33.43306,35.0,33.57244,35.0,33.455765,35.0,33.673653,35.0,33.652534,35.0,33.832386,35.0,34.011562,35.0,34.23299,42.0,43.47468,33.0,31.745062
aes_secworks_orig.bench,32.29064,35.0,7.741023600101471,41.0,35.676876,38.0,35.40623,38.0,35.448223,38.0,35.52543,37.0,34.29052,37.0,34.042473,35.0,35.513298,35.0,34.916912,35.0,34.265324,35.0,34.096474,35.0,34.336025,35.0,35.718468,35.0,34.92755,35.0,33.72771,38.0,39.702866,37.0,37.323666,45.0,45.489876,35.0,32.29064
aes_secworks_orig.bench,31.27164,33.0,5.2374523133039474,38.0,37.159454,35.0,33.732563,35.0,34.180058,35.0,33.224518,35.0,33.865646,35.0,32.96731,35.0,33.58891,35.0,33.37499,35.0,33.50834,35.0,33.26113,35.0,33.077843,35.0,33.165142,35.0,33.354385,35.0,33.236958,35.0,33.38049,35.0,32.963062,42.0,42.153976,33.0,31.27164
max_orig.bench,175.60452,186.0,5.5889662355184555,287.0,293.4894,287.0,293.57114,287.0,293.56967,287.0,294.4399,243.0,232.53998,243.0,233.28268,243.0,230.96379,206.0,200.76454,206.0,200.79109,206.0,199.61952,206.0,198.17406,201.0,194.5041,201.0,194.62035,201.0,192.79996,194.0,188.50665,194.0,188.18298,194.0,187.61694,186.0,175.60452
tv80_orig.bench,48.022305,51.0,5.83861842751503,53.0,51.09906,53.0,51.344486,53.0,51.15696,53.0,51.133015,53.0,50.666355,53.0,50.400658,53.0,50.30252,53.0,50.417507,53.0,50.621796,53.0,50.347763,53.0,50.188877,53.0,50.224236,53.0,50.135918,53.0,50.231144,53.0,50.632904,53.0,49.614136,53.0,50.439445,51.0,48.022305
tv80_orig.bench,47.95005,50.0,4.099899157881737,53.0,51.09906,53.0,51.34449,53.0,51.29644,52.0,51.07529,52.0,50.59502,52.0,50.392,52.0,50.513756,52.0,50.424828,52.0,50.673256,52.0,50.636658,52.0,50.442924,52.0,50.195633,52.0,50.211853,52.0,50.201317,52.0,50.180984,52.0,49.648663,52.0,49.90252,50.0,47.95005
tv80_orig.bench,47.77858,49.0,2.4926945567131042,53.0,51.09906,53.0,51.344486,53.0,51.29644,52.0,51.075287,52.0,50.670662,52.0,50.316307,52.0,50.319633,52.0,50.49953,52.0,50.641754,52.0,50.450195,52.0,50.386772,52.0,50.150513,52.0,50.00135,52.0,50.159794,52.0,50.00753,52.0,50.156487,52.0,49.678524,49.0,47.77858
tv80_orig.bench,50.00936,52.0,3.828151524066925,53.0,51.09906,53.0,51.34449,53.0,51.29644,52.0,51.07529,52.0,50.646805,52.0,50.369713,52.0,50.25407,52.0,50.38749,52.0,50.8002,52.0,50.74318,52.0,50.162895,52.0,50.23329,52.0,50.421764,52.0,50.383087,52.0,50.424915,52.0,50.24511,52.0,50.13734,52.0,50.00936
aes_secworks_orig.bench,31.392792,33.0,4.870327934622765,38.0,37.065315,35.0,33.80431,35.0,33.51151,35.0,33.62831,35.0,34.039402,35.0,33.1517,35.0,33.40717,35.0,34.26721,35.0,33.30809,35.0,32.924118,35.0,33.307552,35.0,33.06691,35.0,33.315933,35.0,33.291817,35.0,33.347622,35.0,33.27426,43.0,42.30974,33.0,31.392792
max_orig.bench,158.28807,173.0,8.504005521535873,234.0,227.53616,234.0,227.83298,234.0,228.88364,234.0,229.1591,227.0,222.98753,227.0,224.17038,221.0,219.92087,192.0,189.16977,192.0,189.387,192.0,187.8351,192.0,188.36472,192.0,179.4166,192.0,179.14575,192.0,177.68378,187.0,172.71516,187.0,174.1697,187.0,169.71709,173.0,158.28807
tv80_orig.bench,49.66715,50.0,0.665702810510993,53.0,52.486443,53.0,51.602745,53.0,51.93433,52.0,51.449333,52.0,51.60143,52.0,51.4802,52.0,51.627777,52.0,51.55489,52.0,51.62844,52.0,51.418633,52.0,50.896545,52.0,51.222687,52.0,51.206196,52.0,51.90696,52.0,51.942093,52.0,52.110634,52.0,51.467648,50.0,49.66715
max_orig.bench,176.97554,188.0,5.86407445371151,287.0,293.81958,287.0,291.57187,287.0,291.6177,287.0,290.5261,243.0,230.6832,243.0,229.37177,243.0,227.85507,206.0,200.56905,206.0,200.56213,206.0,199.79942,206.0,198.5477,195.0,191.12462,195.0,194.14963,195.0,191.82901,194.0,188.48578,194.0,188.14664,194.0,183.71762,188.0,176.97554
aes_secworks_orig.bench,31.394224,35.0,10.302216559648514,38.0,36.51134,35.0,33.81618,35.0,34.414352,35.0,35.001328,35.0,33.280952,35.0,34.2997,35.0,33.773697,35.0,33.702393,35.0,33.21199,35.0,32.806755,35.0,33.020657,35.0,33.213966,35.0,33.76838,35.0,33.694122,35.0,33.811687,35.0,33.280006,45.0,41.94056,35.0,31.394224
aes_secworks_orig.bench,31.642948,33.0,4.112278297543526,41.0,37.77684,37.0,35.789825,37.0,35.580933,37.0,34.85565,37.0,34.31495,37.0,34.35391,36.0,33.87827,36.0,33.749428,36.0,33.52004,36.0,33.81976,36.0,33.445744,36.0,34.27943,36.0,33.65808,36.0,34.561497,41.0,39.605194,41.0,39.75791,46.0,44.87371,33.0,31.642948
aes_secworks_orig.bench,31.466206,33.0,4.647861793637276,41.0,37.741352,38.0,36.36452,37.0,35.695145,35.0,33.658493,35.0,33.35496,35.0,33.842957,35.0,33.99215,35.0,33.249905,35.0,33.803925,35.0,33.760918,35.0,33.581406,35.0,33.450386,35.0,33.177177,35.0,33.415237,40.0,39.318817,40.0,37.417736,46.0,45.20763,33.0,31.466206
tv80_orig.bench,47.90038,49.0,2.244124189019203,53.0,51.09906,53.0,51.34449,53.0,51.29644,52.0,51.07529,52.0,50.71173,52.0,50.37101,52.0,50.54345,52.0,50.45539,52.0,50.70945,52.0,50.67079,52.0,50.19036,52.0,50.16534,52.0,50.308983,52.0,50.278152,52.0,50.205704,52.0,50.09454,52.0,49.93747,49.0,47.90038
aes_secworks_orig.bench,31.324148,33.0,5.078338831663132,38.0,36.51134,35.0,33.81618,35.0,34.414352,35.0,33.751163,35.0,33.062447,34.0,32.093506,34.0,34.082596,34.0,33.90017,34.0,33.736637,34.0,33.461563,34.0,33.77507,34.0,33.533176,34.0,32.72329,34.0,33.66559,34.0,33.65734,34.0,33.247547,43.0,41.959198,33.0,31.324148
aes_secworks_orig.bench,31.608517,33.0,4.216616228222847,38.0,35.62118,37.0,35.514946,35.0,33.656933,35.0,33.686478,35.0,34.19821,35.0,33.980766,35.0,33.994457,35.0,33.96012,35.0,33.450672,35.0,33.647682,35.0,33.530624,35.0,33.807182,35.0,33.616028,35.0,33.939003,35.0,34.114647,35.0,33.985603,43.0,42.77759,33.0,31.608517
max_orig.bench,159.60669,166.0,3.8513917475938797,287.0,291.65994,234.0,230.48419,234.0,228.50165,234.0,227.67001,234.0,227.65178,234.0,227.56044,234.0,225.7592,201.0,193.1658,201.0,194.00586,201.0,191.92883,201.0,192.0458,183.0,179.64229,183.0,182.21483,183.0,180.73146,177.0,174.87086,177.0,176.41342,177.0,173.51369,166.0,159.60669
aes_secworks_orig.bench,31.776972,33.0,3.7061460316181183,41.0,36.759132,38.0,36.414753,37.0,35.728428,37.0,36.265327,36.0,34.110798,36.0,34.23657,36.0,33.665234,35.0,33.935425,35.0,33.881725,35.0,32.24163,34.0,31.659422,34.0,31.527267,34.0,32.11998,34.0,32.294937,38.0,34.815132,38.0,33.709606,46.0,45.03387,33.0,31.776972
aes_secworks_orig.bench,36.59652,43.0,14.891815185546875,38.0,37.265015,37.0,35.942154,35.0,33.810604,35.0,33.91307,35.0,34.42325,35.0,34.222507,35.0,34.000576,35.0,33.9527,35.0,33.3427,35.0,33.587715,35.0,33.455166,35.0,33.909878,35.0,33.641148,35.0,33.87143,35.0,34.055145,35.0,33.907764,43.0,42.690014,43.0,36.59652
aes_secworks_orig.bench,31.371368,33.0,4.935247078537941,38.0,37.159454,35.0,33.732563,35.0,34.4617,35.0,34.42707,35.0,33.96778,35.0,33.86584,35.0,33.62328,35.0,33.41463,35.0,33.50181,35.0,33.66241,35.0,33.075417,35.0,32.996452,35.0,33.062435,35.0,33.591217,35.0,33.792816,35.0,33.170475,43.0,42.447258,33.0,31.371368
aes_secworks_orig.bench,31.673756,33.0,4.01892215013504,41.0,37.77684,37.0,35.789825,37.0,35.520424,36.0,35.014828,36.0,34.78313,36.0,34.707214,36.0,34.21231,36.0,34.34304,36.0,34.077034,36.0,34.21444,36.0,34.330925,36.0,33.87768,36.0,33.606873,36.0,34.43013,41.0,38.15503,41.0,37.72383,46.0,44.375404,33.0,31.673756
aes_secworks_orig.bench,31.451687,35.0,10.13803780078888,38.0,37.159454,35.0,33.732563,35.0,34.4617,35.0,33.70247,35.0,32.95218,35.0,33.740707,35.0,34.047005,35.0,34.138367,35.0,34.923397,35.0,33.794716,35.0,33.055855,35.0,32.719723,35.0,33.411427,35.0,33.53804,35.0,33.773926,35.0,33.126667,44.0,42.14508,35.0,31.451687
tv80_orig.bench,47.908043,50.0,4.183914139866829,53.0,51.09906,53.0,51.34449,53.0,51.29644,52.0,51.075294,52.0,50.48599,52.0,50.35644,52.0,50.52664,52.0,50.357853,52.0,50.586304,52.0,50.436684,52.0,50.562687,52.0,50.216904,52.0,50.39881,52.0,50.390087,52.0,50.33136,52.0,50.093773,52.0,49.75117,50.0,47.908043
max_orig.bench,160.7186,161.0,0.17478421796113253,287.0,290.71436,234.0,229.97366,234.0,227.25496,234.0,227.6012,227.0,223.40454,227.0,224.60081,227.0,223.96738,194.0,192.36018,194.0,193.6415,194.0,192.00154,194.0,191.76328,185.0,183.43571,185.0,184.17575,185.0,182.35327,177.0,177.90826,177.0,177.76746,177.0,175.94617,161.0,160.7186
tv80_orig.bench,48.25644,50.0,3.4871216863393784,53.0,51.09906,53.0,51.34449,53.0,51.28908,52.0,51.121544,52.0,50.639687,52.0,50.598106,52.0,50.44336,52.0,50.710052,52.0,50.6028,52.0,50.683174,52.0,50.389996,52.0,50.5112,52.0,50.405865,52.0,50.53962,52.0,50.72738,52.0,50.377396,52.0,50.416985,50.0,48.25644
tv80_orig.bench,53.282745,65.0,18.026545643806458,53.0,52.919945,53.0,52.62816,53.0,52.45847,53.0,52.056076,53.0,51.792843,53.0,52.328342,54.0,53.355732,54.0,52.50975,54.0,53.568623,54.0,52.982327,54.0,53.966827,54.0,52.887375,54.0,52.68975,62.0,53.98111,66.0,58.403397,66.0,54.798264,74.0,63.471855,65.0,53.282745
aes_secworks_orig.bench,31.491741,34.0,7.377231866121292,37.0,36.88099,35.0,34.126095,35.0,34.885563,35.0,33.85781,35.0,33.02135,35.0,33.29128,35.0,33.649445,35.0,33.56225,35.0,34.232555,35.0,33.369476,35.0,33.24223,35.0,34.042866,35.0,34.76035,35.0,33.54441,35.0,33.82728,35.0,33.05871,43.0,41.742733,34.0,31.491741
aes_secworks_orig.bench,31.28684,35.0,10.609026998281479,38.0,37.159454,35.0,33.732563,35.0,34.4617,35.0,33.553864,35.0,32.818756,35.0,33.2747,35.0,33.49521,35.0,33.94517,35.0,34.195984,35.0,34.174995,35.0,33.43352,35.0,32.898758,35.0,33.452858,35.0,33.382248,35.0,33.423103,35.0,32.83874,44.0,42.532867,35.0,31.28684
aes_secworks_orig.bench,31.223904,35.0,10.788846760988235,38.0,37.065315,35.0,33.80431,35.0,33.85965,35.0,33.94055,35.0,33.125557,35.0,33.3819,35.0,33.348186,35.0,33.417595,35.0,33.5923,35.0,33.707886,35.0,33.902443,35.0,32.83654,35.0,33.254547,35.0,33.732292,35.0,33.758583,35.0,33.60125,43.0,42.59828,35.0,31.223904
aes_secworks_orig.bench,31.688036,35.0,9.462754428386688,38.0,37.065315,35.0,33.80431,35.0,33.51151,35.0,33.62831,35.0,33.434692,35.0,33.72483,35.0,33.63712,35.0,33.957897,35.0,33.4629,35.0,33.639816,35.0,33.480736,35.0,33.87423,35.0,34.1087,35.0,33.757385,35.0,33.849365,35.0,33.936577,45.0,42.40557,35.0,31.688036
aes_secworks_orig.bench,31.433573,34.0,7.548315078020096,41.0,37.741352,38.0,36.36452,37.0,35.695145,35.0,33.658493,35.0,33.35496,35.0,33.842957,35.0,33.99215,35.0,33.249905,35.0,33.803925,35.0,33.760918,35.0,33.581406,35.0,33.98822,35.0,33.20512,35.0,33.29654,41.0,38.97923,40.0,37.399734,45.0,45.25906,34.0,31.433573
max_orig.bench,182.32034,184.0,0.9128570556640625,287.0,295.79312,234.0,231.02144,234.0,228.81192,234.0,229.75198,234.0,228.73882,234.0,229.80676,234.0,227.09991,202.0,195.90962,202.0,195.94049,202.0,195.05138,295.0,295.67395,199.0,192.65465,199.0,194.2598,199.0,192.59326,184.0,184.16818,184.0,183.88591,184.0,182.98007,184.0,182.32034
aes_secworks_orig.bench,33.076996,33.0,0.23332075215876102,38.0,35.959606,38.0,36.193222,37.0,35.631775,37.0,36.194084,37.0,35.77748,37.0,35.188393,37.0,34.564545,37.0,34.535183,37.0,35.03981,37.0,34.517586,37.0,34.76403,37.0,34.68518,37.0,35.171074,37.0,34.498863,41.0,39.59765,41.0,38.544674,44.0,44.081818,33.0,33.076996
max_orig.bench,181.8429,180.0,1.023830845952034,287.0,293.81958,287.0,293.6084,287.0,292.72794,287.0,291.00845,287.0,292.1843,287.0,291.03104,287.0,291.08456,209.0,204.7401,209.0,205.42494,209.0,205.19254,209.0,203.07195,199.0,194.63217,199.0,198.05475,199.0,195.01543,189.0,191.63802,189.0,191.7504,189.0,191.62794,180.0,181.8429
tv80_orig.bench,47.73582,50.0,4.528358578681946,53.0,51.09906,53.0,51.34449,53.0,51.29644,52.0,51.075287,52.0,50.71173,52.0,50.364677,52.0,51.02441,52.0,50.49086,52.0,50.78743,52.0,50.731487,52.0,50.14384,52.0,50.51137,52.0,50.366264,52.0,50.494823,52.0,50.57825,52.0,50.327774,52.0,50.14514,50.0,47.73582
tv80_orig.bench,47.91385,50.0,4.172302410006523,53.0,51.09906,53.0,51.34449,53.0,51.29644,52.0,51.075294,52.0,50.595016,52.0,50.392,52.0,50.513756,52.0,50.424828,52.0,50.673256,52.0,50.63666,52.0,50.27823,52.0,50.12265,52.0,50.285973,52.0,50.252304,52.0,50.213364,52.0,50.118385,52.0,49.942337,50.0,47.91385
max_orig.bench,171.14044,174.0,1.6434241086244583,287.0,292.56857,234.0,230.58273,234.0,229.77315,231.0,226.31958,231.0,227.76581,231.0,227.95703,231.0,225.45349,200.0,196.10254,200.0,196.35735,200.0,196.36934,291.0,295.1435,200.0,196.06804,200.0,196.32137,200.0,194.02414,189.0,188.53482,189.0,188.29863,189.0,189.23497,174.0,171.14044
aes_secworks_orig.bench,40.204033,46.0,12.599928677082062,41.0,37.77684,41.0,37.014908,41.0,36.824375,39.0,35.388206,37.0,35.0345,37.0,34.920097,37.0,34.413383,37.0,34.34166,37.0,34.35156,37.0,34.176277,37.0,34.215755,37.0,34.14851,37.0,34.04135,37.0,34.812515,41.0,38.172604,41.0,37.820297,46.0,44.620693,46.0,40.204033
max_orig.bench,170.82906,174.0,1.822381652891636,287.0,291.39456,234.0,229.53314,234.0,228.6775,234.0,228.92332,234.0,229.07144,234.0,228.65771,234.0,226.86249,234.0,226.88556,234.0,226.32434,234.0,225.06223,299.0,300.6523,204.0,199.71498,204.0,199.25647,204.0,197.54634,191.0,191.68686,191.0,190.71838,188.0,187.10216,174.0,170.82906
aes_secworks_orig.bench,31.580801,34.0,7.115291059017181,41.0,37.77684,38.0,37.154823,37.0,35.52532,35.0,33.658398,35.0,34.24389,35.0,34.437824,35.0,33.600822,35.0,34.024963,35.0,33.51056,35.0,33.652283,35.0,33.469063,35.0,33.96969,35.0,33.91253,35.0,33.916183,40.0,39.96905,40.0,37.542553,47.0,44.79371,34.0,31.580801
aes_secworks_orig.bench,31.154985,33.0,5.590953305363655,41.0,37.741352,38.0,36.461357,38.0,35.20587,35.0,33.424072,35.0,34.166283,35.0,33.611694,35.0,33.521835,35.0,33.672462,35.0,33.299675,35.0,33.512165,35.0,32.91004,35.0,32.74802,35.0,33.35357,35.0,33.500923,35.0,33.574257,35.0,33.8416,43.0,42.05333,33.0,31.154985
tv80_orig.bench,49.629593,50.0,0.740814208984375,53.0,52.486443,53.0,51.736904,53.0,52.185745,53.0,51.752495,53.0,51.912514,53.0,51.528275,53.0,51.7904,53.0,51.53952,53.0,51.87909,53.0,51.741463,53.0,51.428505,53.0,51.478477,53.0,51.290497,53.0,52.144386,53.0,51.962696,53.0,51.815056,53.0,51.59929,50.0,49.629593
max_orig.bench,162.4487,167.0,2.7253294363617897,287.0,291.65994,234.0,230.48419,234.0,228.50165,234.0,227.67001,227.0,223.14175,227.0,222.80249,227.0,222.81665,194.0,192.94339,194.0,193.50566,194.0,192.52696,194.0,191.69666,185.0,182.13788,185.0,184.72424,185.0,183.05771,176.0,177.97919,176.0,178.2451,176.0,176.67397,167.0,162.4487
aes_secworks_orig.bench,32.571373,41.0,20.557627081871033,41.0,37.741352,38.0,36.461357,38.0,35.20587,35.0,33.424072,35.0,33.971222,35.0,33.39186,35.0,33.275497,35.0,33.626152,35.0,33.355377,35.0,33.452103,35.0,32.409386,35.0,33.05365,35.0,32.99244,35.0,33.24517,35.0,33.352264,33.0,31.72211,41.0,41.509636,41.0,32.571373
max_orig.bench,169.59203,174.0,2.5333184748888016,287.0,291.39456,234.0,229.53314,234.0,228.6775,234.0,226.30869,234.0,227.91544,234.0,228.48782,234.0,225.75157,202.0,197.04175,202.0,197.49742,202.0,196.18085,292.0,295.7023,202.0,197.11598,202.0,195.91125,202.0,195.05034,190.0,189.36841,190.0,188.25887,187.0,185.07779,174.0,169.59203
aes_secworks_orig.bench,31.387058,33.0,4.887702316045761,38.0,35.959606,37.0,35.821808,37.0,35.986946,37.0,35.373558,37.0,34.7555,36.0,34.694534,36.0,34.102898,36.0,34.382484,36.0,34.688232,36.0,34.004288,36.0,34.41163,35.0,33.314735,35.0,34.69248,35.0,34.61816,40.0,39.27112,40.0,38.554237,46.0,44.052887,33.0,31.387058
max_orig.bench,164.77394,175.0,5.84346242249012,287.0,295.79312,234.0,231.02144,234.0,229.24615,234.0,229.52158,234.0,227.91727,234.0,230.02953,234.0,226.23587,202.0,196.32233,202.0,196.85217,202.0,195.40428,295.0,294.6898,199.0,193.44089,199.0,194.87633,199.0,193.30994,188.0,184.65614,188.0,184.44852,188.0,184.56705,175.0,164.77394
tv80_orig.bench,47.581337,50.0,4.83732596039772,53.0,51.09906,53.0,51.34449,53.0,51.29644,52.0,51.075294,52.0,50.670662,52.0,50.316307,52.0,50.537758,52.0,50.523277,52.0,50.654385,52.0,49.90528,52.0,50.40976,52.0,50.074074,52.0,49.854813,52.0,50.080734,52.0,49.84678,52.0,50.082108,52.0,49.461815,50.0,47.581337
max_orig.bench,165.97018,169.0,1.7927903681993484,287.0,291.65994,234.0,230.48419,234.0,229.98164,234.0,228.93808,234.0,227.89757,234.0,228.1634,234.0,227.23868,201.0,193.63136,201.0,193.98323,201.0,192.29335,201.0,191.75018,190.0,186.9014,190.0,187.32852,190.0,186.76715,182.0,182.64026,182.0,182.42848,182.0,182.81833,169.0,165.97018
aes_secworks_orig.bench,31.453056,34.0,7.491010427474976,38.0,37.065315,36.0,35.348846,34.0,33.24615,34.0,33.68668,34.0,33.789825,34.0,34.026417,34.0,33.41526,34.0,33.705116,34.0,33.241882,34.0,33.355038,34.0,33.320442,34.0,33.069557,34.0,33.75404,34.0,33.400326,34.0,33.46397,34.0,33.571014,42.0,42.75522,34.0,31.453056
max_orig.bench,162.14986,167.0,2.904277481138706,287.0,293.81958,234.0,229.94624,234.0,229.15639,234.0,228.92245,227.0,224.1756,227.0,225.5467,227.0,224.50227,194.0,192.5919,194.0,194.25993,194.0,193.08391,194.0,192.67651,185.0,181.07425,185.0,183.56119,185.0,182.25455,176.0,177.85326,176.0,177.89967,176.0,176.93855,167.0,162.14986
tv80_orig.bench,47.79966,49.0,2.4496739730238914,53.0,51.09906,53.0,51.344486,53.0,51.29644,52.0,51.075287,52.0,50.670662,52.0,50.316307,52.0,50.537758,52.0,50.523273,52.0,50.65438,52.0,50.459526,52.0,50.394917,52.0,50.156013,52.0,50.337284,52.0,50.4123,52.0,50.1941,52.0,50.20212,52.0,49.85261,49.0,47.79966
tv80_orig.bench,48.27956,51.0,5.334195867180824,53.0,51.11873,53.0,53.658665,53.0,52.244743,52.0,51.686523,52.0,51.603027,52.0,51.48736,52.0,51.31071,52.0,51.189644,52.0,51.386612,52.0,51.598633,52.0,51.174454,52.0,50.77343,52.0,51.103226,52.0,51.178642,52.0,50.99761,52.0,51.593307,52.0,51.166744,51.0,48.27956
max_orig.bench,157.82288,161.0,1.9733689725399017,234.0,227.53616,234.0,227.94016,234.0,227.76111,234.0,228.96605,227.0,223.72656,227.0,224.67224,227.0,224.97694,194.0,188.68488,194.0,189.80374,194.0,187.31479,194.0,187.79652,185.0,177.02856,185.0,178.67592,185.0,177.14822,177.0,172.41977,177.0,173.57564,177.0,169.23947,161.0,157.82288
tv80_orig.bench,48.195805,51.0,5.498422309756279,53.0,51.782913,53.0,51.825382,53.0,51.64261,53.0,51.703262,53.0,51.69236,53.0,51.52827,53.0,51.34088,53.0,51.627907,53.0,51.551376,53.0,51.710625,53.0,51.520462,53.0,51.16107,53.0,51.236843,53.0,51.377777,53.0,51.31768,53.0,51.039787,53.0,51.779724,51.0,48.195805
aes_secworks_orig.bench,31.456856,33.0,4.676194489002228,38.0,36.303238,35.0,34.090134,35.0,34.656822,35.0,33.69082,35.0,32.97008,35.0,33.4244,35.0,33.45853,35.0,33.53428,35.0,33.24292,35.0,33.717087,35.0,33.23967,35.0,33.08302,35.0,33.157734,35.0,33.722275,35.0,33.975914,35.0,33.387417,43.0,41.921463,33.0,31.456856
aes_secworks_orig.bench,31.35813,33.0,4.975365102291107,38.0,37.159454,35.0,33.732563,35.0,34.4617,35.0,33.553864,35.0,32.818756,35.0,33.491024,35.0,33.566006,35.0,33.581604,35.0,33.548294,35.0,33.429787,35.0,33.39942,35.0,33.70932,35.0,33.49779,35.0,33.26863,35.0,33.45489,35.0,32.936394,43.0,42.805912,33.0,31.35813
max_orig.bench,175.28503,177.0,0.9689072147011757,287.0,292.1749,234.0,230.02393,234.0,229.25937,234.0,227.91592,227.0,223.0079,227.0,222.37703,227.0,223.19923,194.0,191.72147,194.0,192.43329,194.0,190.96344,194.0,190.75778,185.0,182.27728,185.0,183.11414,185.0,181.31465,177.0,176.52876,177.0,176.77411,177.0,174.22696,177.0,175.28503
tv80_orig.bench,48.11972,50.0,3.7605591118335724,53.0,51.09906,53.0,51.34449,53.0,51.28908,52.0,51.121544,52.0,50.822403,52.0,50.622868,52.0,50.402084,52.0,50.702053,52.0,50.535027,52.0,50.643974,52.0,50.351536,52.0,50.388588,52.0,50.45822,52.0,50.44203,52.0,50.63842,52.0,50.201103,52.0,50.53942,50.0,48.11972
max_orig.bench,200.58746,203.0,1.1884416453540325,287.0,291.39456,287.0,292.83078,287.0,292.97644,287.0,293.62732,287.0,293.68484,287.0,293.4374,229.0,222.84477,229.0,223.23148,214.0,216.9194,214.0,219.4621,297.0,303.19733,297.0,299.60358,209.0,211.72903,209.0,209.27156,205.0,205.66594,205.0,204.76236,205.0,204.22583,203.0,200.58746
max_orig.bench,161.56947,167.0,3.251812234520912,287.0,292.56857,234.0,230.58273,234.0,228.8353,234.0,229.79842,227.0,224.6704,227.0,226.3559,227.0,225.66614,194.0,193.23312,194.0,194.27832,194.0,192.98651,194.0,192.66174,185.0,184.2551,185.0,185.28735,185.0,183.55049,177.0,178.29146,177.0,177.76361,177.0,177.61746,167.0,161.56947
tv80_orig.bench,56.190506,59.0,4.761854186654091,53.0,52.919945,53.0,52.62816,53.0,52.458466,53.0,52.056076,53.0,51.792847,53.0,52.328342,54.0,53.355736,54.0,52.509754,54.0,53.568623,54.0,54.25733,64.0,63.50776,64.0,63.777344,64.0,64.108986,66.0,66.85804,66.0,64.753044,66.0,67.20667,67.0,66.10438,59.0,56.190506
max_orig.bench,188.17133,186.0,1.1673794128000736,287.0,292.56857,287.0,292.17252,287.0,293.38968,287.0,291.14975,287.0,293.84827,287.0,293.62646,287.0,292.7888,287.0,293.7811,287.0,291.89932,287.0,291.21094,306.0,308.6258,208.0,206.58743,208.0,206.2135,208.0,205.11835,201.0,199.83325,201.0,199.33429,201.0,199.36755,186.0,188.17133
tv80_orig.bench,47.77987,49.0,2.4900630116462708,53.0,51.09906,53.0,51.34449,53.0,51.29644,52.0,51.075287,52.0,50.646805,52.0,50.369713,52.0,50.254066,52.0,50.18593,52.0,50.68067,52.0,50.304726,52.0,50.13899,52.0,50.345764,52.0,49.99736,52.0,50.239788,52.0,50.00285,52.0,50.13185,52.0,49.999557,49.0,47.77987
tv80_orig.bench,47.65112,49.0,2.7528179809451103,53.0,51.09906,53.0,51.34449,53.0,51.29644,52.0,51.07529,52.0,50.753468,52.0,50.288376,52.0,50.293404,52.0,50.530632,52.0,50.33377,52.0,50.338303,52.0,50.23543,52.0,50.322227,52.0,50.19664,52.0,50.354607,52.0,50.58008,52.0,50.17747,52.0,50.330223,49.0,47.65112
max_orig.bench,170.1229,175.0,2.7869176119565964,287.0,292.56857,234.0,230.58273,234.0,229.61212,234.0,228.96088,234.0,229.01727,234.0,229.35559,234.0,226.9177,202.0,196.92265,202.0,197.64706,202.0,196.9415,292.0,296.48795,202.0,196.43552,202.0,195.9852,202.0,194.7851,190.0,189.03183,190.0,188.23376,190.0,188.17502,175.0,170.1229
max_orig.bench,163.73651,166.0,1.3635474257171154,287.0,291.65994,234.0,230.48419,234.0,229.98164,234.0,228.93808,234.0,227.89757,234.0,228.16339,234.0,227.23868,201.0,193.63136,201.0,193.98325,201.0,192.29335,293.0,291.29117,187.0,187.38895,187.0,188.1521,187.0,186.10605,179.0,180.56017,179.0,180.88351,179.0,180.9997,166.0,163.73651
tv80_orig.bench,49.65547,50.0,0.6890563759952784,53.0,52.486443,53.0,51.736904,53.0,52.185745,53.0,51.752495,53.0,51.912514,53.0,51.528275,53.0,51.7904,53.0,51.53952,53.0,51.879093,53.0,51.741463,53.0,51.4285,53.0,51.243458,53.0,51.25898,53.0,51.959557,53.0,51.8208,53.0,51.01656,53.0,51.569523,50.0,49.65547
aes_secworks_orig.bench,31.459972,33.0,4.666750505566597,41.0,37.741352,38.0,36.461357,35.0,33.976562,35.0,33.31201,35.0,33.990585,35.0,33.112885,35.0,33.686935,35.0,33.399982,35.0,33.10572,35.0,33.41125,35.0,32.939598,35.0,33.002323,35.0,32.985107,35.0,33.28248,35.0,33.328163,35.0,33.211876,43.0,41.679512,33.0,31.459972
max_orig.bench,161.72755,166.0,2.573762461543083,287.0,290.74277,234.0,230.86337,234.0,229.35349,234.0,230.23192,234.0,227.5845,234.0,228.97168,234.0,227.1641,201.0,192.95065,201.0,194.32698,201.0,193.23923,293.0,295.2745,187.0,186.8115,187.0,185.42506,187.0,185.54779,179.0,179.2074,179.0,180.13875,179.0,180.07559,166.0,161.72755
max_orig.bench,158.41812,165.0,3.9890173822641373,234.0,227.53616,234.0,228.83339,234.0,228.38448,234.0,229.60443,227.0,224.39204,227.0,226.5976,221.0,222.14236,192.0,188.77318,192.0,189.67104,192.0,187.60202,192.0,188.16742,182.0,178.24414,182.0,178.80283,182.0,177.33127,173.0,172.61743,173.0,173.0618,173.0,169.88672,165.0,158.41812
aes_secworks_orig.bench,32.12208,34.0,5.523288995027542,41.0,36.759132,41.0,36.53278,37.0,35.534534,37.0,36.081898,37.0,35.255997,37.0,35.464046,37.0,35.01156,36.0,34.95908,36.0,34.620434,36.0,34.954357,34.0,31.743076,34.0,31.898697,34.0,33.03482,34.0,32.967857,38.0,35.040337,38.0,34.13224,45.0,45.03135,34.0,32.12208
max_orig.bench,158.31073,173.0,8.490907400846481,234.0,227.53616,234.0,229.55095,234.0,230.11188,234.0,229.82625,227.0,223.33624,227.0,226.1175,221.0,220.19737,192.0,188.93246,192.0,189.1832,192.0,189.45555,192.0,188.97112,192.0,180.26923,192.0,180.13174,192.0,178.49149,187.0,172.87402,187.0,174.52612,187.0,171.64825,173.0,158.31073
max_orig.bench,201.37582,206.0,2.2447455674409866,287.0,291.65997,287.0,292.22476,287.0,291.9757,287.0,291.84137,287.0,290.34695,287.0,291.8981,229.0,225.15166,229.0,223.98709,229.0,225.31708,229.0,224.18768,229.0,227.3309,229.0,278.01688,229.0,211.94171,229.0,210.12735,212.0,206.26126,212.0,205.09961,212.0,204.21,206.0,201.37582
tv80_orig.bench,47.860435,50.0,4.279129207134247,53.0,51.09906,53.0,51.34449,53.0,51.296436,52.0,51.075287,52.0,50.485992,52.0,50.272972,52.0,50.473545,52.0,50.292732,52.0,50.54383,52.0,50.38493,52.0,50.456333,52.0,50.14595,52.0,50.30098,52.0,50.381927,52.0,50.296387,52.0,50.0457,52.0,49.745167,50.0,47.860435
max_orig.bench,164.99663,167.0,1.1996240355074406,287.0,291.44705,234.0,231.04149,234.0,229.74542,234.0,229.51346,227.0,223.6954,227.0,223.19382,227.0,224.29495,221.0,219.35446,221.0,220.19862,221.0,218.06729,221.0,221.82898,187.0,188.35564,187.0,190.31366,187.0,188.31732,179.0,182.6786,179.0,182.99182,179.0,180.8743,167.0,164.99663
tv80_orig.bench,50.238144,52.0,3.388184681534767,53.0,51.09906,53.0,51.34449,53.0,51.28908,52.0,51.121544,52.0,50.80799,52.0,50.56932,52.0,50.62622,52.0,50.742218,52.0,50.56642,52.0,50.81359,52.0,50.359272,52.0,50.470123,52.0,50.327194,52.0,50.39376,52.0,50.718285,52.0,50.331684,52.0,50.407867,52.0,50.238144
max_orig.bench,180.94406,188.0,3.753158822655678,287.0,289.536,287.0,291.3836,287.0,290.67325,287.0,288.63467,287.0,290.02884,287.0,289.23276,287.0,290.49893,209.0,204.45285,209.0,205.10123,209.0,205.68665,291.0,288.34665,203.0,198.51501,203.0,200.03526,203.0,198.46016,198.0,193.06494,198.0,193.11255,198.0,193.7722,188.0,180.94406
max_orig.bench,170.50948,177.0,3.666963055729866,287.0,292.56857,234.0,230.58273,234.0,229.61209,234.0,228.96088,234.0,229.01727,234.0,229.35558,234.0,226.9177,202.0,196.92264,202.0,197.13965,202.0,196.93494,292.0,296.60092,202.0,195.97473,202.0,195.93384,202.0,194.73874,190.0,188.97096,190.0,189.6639,190.0,188.25742,177.0,170.50948
