model,target,mae,mse,rmse,r2,mape
gat+cnn,levels,2.892773151397705,16.543781280517578,4.067404735272552,0.9959605932235718,103.08541059494019
