model,target,mae,mse,rmse,r2,mape
graphsage+cnn,levels,2.3171889781951904,13.761734962463379,3.709681248094421,0.9966399073600769,101.47995948791504
