model,target,mae,mse,rmse,r2,mape
gat+transformer,levels,4.456254482269287,36.97935485839844,6.081065273321644,0.9909709692001343,101.13216638565063
