model,target,mae,mse,rmse,r2,mape
graphsage+transformer,levels,1.4992218017578125,2.247666120529175,1.4992218383311973,,4.283490777015686
