model,target,mae,mse,rmse,r2,mape
graphsage+lstm,levels,1.3374978303909302,4.509907245635986,2.123654219885146,0.9988988637924194,102.86575555801392
