model,target,mae,mse,rmse,r2,mape
gcn+transformer,levels,7.618124008178711,109.09300994873047,10.444759927769066,0.97336345911026,100.11358261108398
