model,target,mae,mse,rmse,r2,mape
gcn+cnn,levels,2.4735395908355713,20.037342071533203,4.47630897855959,0.9951075911521912,100.61049461364746
